"filename","extracted_text"
"results/images/preprocessed/trome/2014/01/01/trome_2014-01-01#05.png","
Se fueron de campamento

Miles amanecieron bailando y con 'chelas' en balnearios del sur y Costa Verde

O RECIPIERON EL AÑO EN LA PLAYA

H oras antes de recibir el 2014, miles de limoneros se volcaron a las playas de Limay y el Sur. Algunos empezaron a inocular el día con unas aguítas y otros pa- ra acampar y re- cibir frente al mar.

Las primeras horas del nuevo año.
""Vamos a quedarnos hasta el 2014 con mucha alegría"", dijo María, quien junto con sus amigos llegaron a León Dormido, al sur de Lima. Como caballos, los jugadores llevaron sus cervezas en un rato nos vamos a preparar la ce- na"", dijo una mamita de San Juan de Lurigancho.

La Policía y el catejo re- comendó que los jugadores no entrarán al mar tras haber be- bido alcohol, pues dismi- nuyen su capacidad dereac- ción. Desde el inicio del ve- ranio ya se ha rescatado a 18 personas. (T.Paredes)

O CARALAS

Ekeko para atraer dinero
A pocas horas del Año Nuevo, muchos llegaron hasta la ""Feria de los deseo"" en el Campo de Mar- te, para un baño de florecimiento, pasada de quír- quincho, lectura de hoja de coca y otros, como caballos, le coloca- ron a un gran ekeko, billetes que simulan euros, dólares y soles, para atraer el dinero. En otras ferias las flores amari- llas, bolsitas de trigo y lentejas fueron lo más pedido.

TODA LA NOCHE
Hacen vigiladas las 8 de la noche (desyer) para pro- teger sus trabajos"", comen- tó el posible bloqueo de los accesos al local del ex mercado mayo- rista de La Parada, los co- merciantes se mantendrán alertas y, según su aboga- do, Malzon Urbina, segui- ran haciendo guardia. ""Harán vigiladas las 8 de la noche (desyer) para pro- teger sus trabajos"", comen- tó el posible bloqueo de los accesos al local del ex mercado mayo- rista de La Parada, los co- merciantes se mantendrán alertas y, según su aboga- do, Malzon Urbina, segui- ran haciendo guardia. ""Harán vigiladas las 8 de la noche (desyer) para pro- teger sus trabajos"", comen- tó el posible bloqueo de los accesos al local del ex mercado mayo- rista de La Parada, los co- merciantes se mantendrán alertas y, según su aboga- do, Malzon Urbina, segui- ran haciendo guardia. ""Harán vigiladas las 8 de la noche (desyer) para pro- teger sus trabajos"", comen- tó el posible bloqueo de los accesos al local del ex mercado mayo- rista de La Parada, los co- merciantes se mantendrán alertas y, según su aboga- do, Malzon Urbina, segui- ran haciendo guardia. ""Harán vigiladas las 8 de la noche (desyer) para pro-"
"results/images/preprocessed/trome/2014/01/01/trome_2014-01-01#06.png","
CON LA ‘SÚPER LLAMADA GANADORA’

A
trancamos el año al ritmo del caballo. Como de costumbre, todos los días de este 2014 que empieza, incluso los domingos y feriados, nuestra promoción de la “Super llamada ganadora” regalará dinero contante y sonante a los lectores.
De lunes a sábado salen tres premios de 500 soles cada uno y los dominicos del reventón de 5 mil. Por eso, juega a ganar dinero con tus amigos en el “Super llamada ganadora” que se realizará todos los días de este mes de marzo.
De lunes a sábado salen tres premios de 500 soles cada uno y los dominicos del reventón de 5 mil. Por eso, juega a ganar dinero con tus amigos en el “Super llamada ganadora” que se realizará todos los días de este mes de marzo.

Regalamos dinero todos los días del año

CON LA ‘SÚPER LLAMADA GANADORA’

A
trancamos el año al ritmo del caballo. Como de costumbre, todos los días de este 2014 que empieza, incluso los domingos y feriados, nuestra promoción de la “Super llamada ganadora” regalará dinero contante y sonante a los lectores.
De lunes a sábado salen tres premios de 500 soles cada uno y los dominicos del reventón de 5 mil. Por eso, juega a ganar dinero con tus amigos en el “Super llamada ganadora” que se realizará todos los días de este mes de marzo.
De lunes a sábado salen tres premios de 500 soles cada uno y los dominicos del reventón de 5 mil. Por eso, juega a ganar dinero con tus amigos en el “Super llamada ganadora” que se realizará todos los días de este mes de marzo.

Regalamos dinero todos los días del año

CON LA ‘SÚPER LLAMADA GANADORA’

A
trancamos el año al ritmo del caballo. Como de costumbre, todos los días de este 2014 que empieza, incluso los domingos y feriados, nuestra promoción de la “Super llamada ganadora” regalará dinero contante y sonante a los lectores.
De lunes a sábado salen tres premios de 500 soles cada uno y los dominicos del reventón de 5 mil. Por eso, juega a ganar dinero con tus amigos en el “Super llamada ganadora” que se realizará todos los días de este mes de marzo.
De lunes a sábado salen tres premios de 500 soles cada uno y los dominicos del reventón de 5 mil. Por eso, juega a ganar dinero con tus amigos en el “Super llamada ganadora” que se realizará todos los días de este mes de marzo.

Regalamos dinero todos los días del año

CON LA ‘SÚPER LLAMADA GANADORA’

A
trancamos el año al ritmo del caballo. Como de costumbre, todos los días de este 2014 que empieza, incluso los domingos y feriados, nuestra promoción de la “Super llamada ganadora” regalará dinero contante y sonante a los lectores.
De lunes a sábado salen tres premios de 500 soles cada uno y los dominicos del reventón de 5 mil. Por eso, juega a ganar dinero con tus amigos en el “Super llamada ganadora” que se realizará todos los días de este mes de marzo.
De lunes a sábado salen tres premios de 500 soles cada uno y los dominicos del reventón de 5 mil. Por eso, juega a ganar dinero con tus amigos en el “Super llamada ganadora” que se realizará todos los días de este mes de marzo.

Regalamos dinero todos los días del año

CON LA ‘SÚPER LLAMADA GANADORA’

A
trancamos el año al ritmo del caballo. Como de costumbre, todos los días de este 2014 que empieza, incluso los domingos y feriados, nuestra promoción de la “Super llamada ganadora” regalará dinero contante y sonante a los lectores.
De lunes a sábado salen tres premios de 500 soles cada uno y los dominicos del reventón de 5 mil. Por eso, juega a ganar dinero con tus amigos en el “Super llamada ganadora” que se realizará todos los días de este mes de marzo.
De lunes a sábado salen tres premios de 500 soles cada uno y los dominicos del reventón de 5 mil. Por eso, juega a ganar dinero con tus amigos en el “Super llamada ganadora” que se realizará todos los días de este mes de marzo.

Regalamos dinero todos los días del año

CON LA ‘SÚPER LLAMADA GANADORA’

A
trancamos el año al ritmo del caballo. Como de costumbre, todos los días de este 2014 que empieza, incluso los domingos y feriados, nuestra promoción de la “Super llamada ganadora” regalará dinero contante y sonante a los lectores.
De lunes a sábado salen tres premios de 500 soles cada uno y los dominicos del reventón de 5 mil. Por eso, juega a ganar dinero con tus amigos en el “Super llamada ganadora” que se realizará todos los días de este mes de marzo.
De lunes a sábado salen tres premios de 500 soles cada uno y los dominicos del reventón de 5 mil. Por eso, juega a ganar dinero con tus amigos en el “Super llamada ganadora” que se realizará todos los días de este mes de marzo.

Regalamos dinero todos los días del año

CON LA ‘SÚPER LLAMADA GANADORA’

A
trancamos el año al ritmo del caballo. Como de costumbre, todos los días de este 2014 que empieza, incluso los domingos y feriados, nuestra promoción de la “Super llamada ganadora” regalará dinero contante y sonante a los lectores.
De lunes a sábado salen tres premios de 500 soles cada uno y los dominicos del reventón de 5 mil. Por eso, juega a ganar dinero con tus amigos en el “Super llamada ganadora” que se realizará todos los días de este mes de marzo.
De lunes a sábado salen tres premios de 500 soles cada uno y los dominicos del reventón de 5 mil. Por eso, juega a ganar dinero con tus amigos en el “Super llamada ganadora” que se realizará todos los días de este mes de marzo.

Regalamos dinero todos los días del año

CON LA ‘SÚPER LLAMADA GANADORA’

A
trancamos el año al ritmo del caballo. Como de costumbre, todos los días de este 2014 que empieza, incluso los domingos y feriados, nuestra promoción de la “Super llamada ganadora” regalará dinero contante y sonante a los lectores.
De lunes a sábado salen tres premios de 500 soles cada uno y los dominicos del reventón de 5 mil. Por eso, juega a ganar dinero con tus amigos en el “Super llamada ganadora” que se realizará todos los días de este mes de marzo.
De lunes a sábado salen tres premios de 500 soles cada uno y los dominicos del reventón de 5 mil. Por eso, juega a ganar dinero con tus amigos en el “Super llamada ganadora” que se realizará todos los días de este mes de marzo.

Regalamos dinero todos los días del año

CON LA ‘SÚPER LLAMADA GANADORA’

A
trancamos el año al ritmo del caballo. Como de costumbre, todos los días de este 2014 que empieza, incluso los domingos y feriados, nuestra promoción de la “Super llamada ganadora” regalará dinero contante y sonante a los lectores.
De lunes a sábado salen tres premios de 500 soles cada uno y los dominicos del reventón de 5 mil. Por eso, juega a ganar dinero con tus amigos en el “Super llamada ganadora” que se realizará todos los días de este mes de marzo.
De lunes a sábado salen tres premios de 500 soles cada uno y los dominicos del reventón de 5 mil. Por eso, juega a ganar dinero con tus amigos en el “Super llamada ganadora” que se realizará todos los días de este mes de marzo.

Regalamos dinero todos los días del año

CON LA ‘SÚPER LLAMADA GANADORA’

A
trancamos el año al ritmo del caballo. Como de costumbre, todos los días de este 2014 que empieza, incluso los domingos y feriados, nuestra promoción de la “Super llamada ganadora” regalará dinero contante y sonante a los lectores.
De lunes a sábado salen tres premios de 500 soles cada uno y los dominicos del reventón de 5 mil. Por eso, juega a ganar dinero con tus amigos en el “Super llamada ganadora” que se realizará todos los días de este mes de marzo.
De lunes a sábado salen tres premios de 500 soles cada uno y los dominicos del reventón de 5 mil. Por eso, juega a ganar dinero con tus amigos en el “Super llamada ganadora” que se realizará todos los días de este mes de marzo.

Regalamos dinero todos los días del año

CON LA ‘SÚPER LLAMADA GANADORA’

A
trancamos el año al ritmo del caballo. Como de costumbre, todos los días de este 2014 que empieza, incluso los domingos y feriados, nuestra promoción de la “Super llamada ganadora” regalará dinero contante y sonante a los lectores.
De lunes a sábado salen tres premios de 500 soles cada uno y los dominicos del reventón de 5 mil. Por eso, juega a ganar dinero con tus amigos en el “Super llamada ganadora” que se realizará todos los días de este mes de marzo.
De lunes a sábado salen tres premios de 500 soles cada uno y los dominicos del reventón de 5 mil. Por eso, juega a ganar dinero con tus amigos en el “Super llamada ganadora” que se realizará todos los días de este mes de marzo.

Regalamos dinero todos los días del año

CON LA ‘SÚPER LLAMADA GANADORA’

A
trancamos el año al ritmo del caballo. Como de costumbre, todos los días de este 2014 que empieza, incluso los domingos y feriados, nuestra promoción de la “Super llamada ganadora” regalará dinero contante y sonante a los lectores.
De lunes a sábado salen tres premios de 500 soles cada uno y los dominicos del reventón de 5 mil. Por eso, juega a ganar dinero con tus amigos en el “Super llamada ganadora” que se realizará todos los días de este mes de marzo.
De lunes a sábado salen tres premios de 500 soles cada uno y los dominicos del reventón de 5 mil. Por eso, juega a ganar dinero con tus amigos en el “Super llamada ganadora” que se realizará todos los días de este mes de marzo.

Regalamos dinero todos los días del año

CON LA ‘SÚPER LLAMADA GANADORA’

A
trancamos el año al ritmo del caballo. Como de costumbre, todos los días de este 2014 que empieza, incluso los domingos y feriados, nuestra promoción de la “Super llamada ganadora” regalará dinero contante y sonante a los lectores.
De lunes a sábado salen tres premios de 500 soles cada uno y los dominicos del reventón de 5 mil. Por eso, juega a ganar dinero con tus amigos en el “Super llamada ganadora” que se realizará todos los días de este mes de marzo.
De lunes a sábado salen tres premios de 500 soles cada uno y los dominicos del reventón de 5 mil. Por eso, juega a ganar dinero con tus amigos en el “Super llamada ganadora” que se realizará todos los días de este mes de marzo.

Regalamos dinero todos los días del año

CON LA ‘SÚPER LLAMADA GANADORA’

A
trancamos el año al ritmo del caballo. Como de costumbre, todos los días de este 2014 que empieza, incluso los domingos y feriados, nuestra promoción de la “Super llamada ganadora” regalará dinero contante y sonante a los lectores.
De lunes a sábado salen tres premios de 500 soles cada uno y los dominicos del reventón de 5 mil. Por eso, juega a ganar dinero con tus amigos en el “Super llamada ganadora” que se realizará todos los días de este mes de marzo.
De lunes a sábado salen tres premios de 500 soles cada uno y los dominicos del reventón de 5 mil. Por eso, juega a ganar dinero con tus amigos en el “Super llamada ganadora” que se realizará todos los días de este mes de marzo.

Regalamos dinero todos los días del año

CON LA ‘SÚPER LLAMADA GANADORA’

A
trancamos el año al ritmo del caballo. Como de costumbre, todos los días de este 2014 que empieza, incluso los domingos y feriados, nuestra promoción de la “Super llamada ganadora” regalará dinero contante y sonante a los lectores.
De lunes a sábado salen tres premios de 500 soles cada uno y los dominicos del reventón de 5 mil. Por eso, juega a ganar dinero con tus amigos en el “Super llamada ganadora” que se realizará todos los días de este mes de marzo.
De lunes a sábado salen tres premios de 500 soles cada uno y los dominicos del reventón de 5 mil. Por eso, juega a ganar dinero con tus amigos en el “Super llamada ganadora” que se realizará todos los días de este mes de marzo.

Regalamos dinero todos los días del año

CON LA ‘SÚPER LLAMADA GANADORA’

A
trancamos el año al ritmo del caballo. Como de costumbre, todos los días de este 2014 que empieza, incluso los domingos y feriados, nuestra promoción de la “Super llamada ganadora” regalará dinero contante y sonante a los lectores.
De lunes a sábado salen tres premios de 500 soles cada uno y los dominicos del reventón de 5 mil. Por eso, juega a ganar dinero con tus amigos en el “Super llamada ganadora” que se realizará todos los días de este mes de marzo.
De lunes a sábado salen tres premios de 500 soles cada uno y los dominicos del reventón de 5 mil. Por eso, juega a ganar dinero con tus amigos en el “Super llamada ganadora” que se realizará todos los días de este mes de marzo.

Regalamos dinero todos los días del año

CON LA ‘SÚPER LLAMADA GANADORA’

A
trancamos el año al ritmo del caballo. Como de costumbre, todos los días de este 2014 que empieza, incluso los domingos y feriados, nuestra promoción de la “Super llamada ganadora” regalará dinero contante y sonante a los lectores.
De lunes a sábado salen tres premios de 500 soles cada uno y los dominicos del reventón de 5 mil. Por eso, juega a ganar dinero con tus amigos en el “Super llamada ganadora” que se realizará todos los días de este mes de marzo.
De lunes a sábado salen tres premios de 500 soles cada uno y los dominicos del reventón de 5 mil. Por eso, juega a ganar dinero con tus amigos en el “Super llamada ganadora” que se realizará todos los días de este mes de marzo.

Regalamos dinero todos los días del año

CON LA ‘SÚPER LLAMADA GANADORA’

A
trancamos el año al ritmo del caballo. Como de costumbre, todos los días de este 2014 que empieza, incluso los domingos y feriados, nuestra promoción de la “Super llamada ganadora” regalará dinero contante y sonante a los lectores.
De lunes a sábado salen tres premios de 500 soles cada uno y los dominicos del reventón de 5 mil. Por eso, juega a ganar dinero con tus amigos en el “Super llamada ganadora” que se realizará todos los días de este mes de marzo.
De lunes a sábado salen tres premios de 500 soles cada uno y los dominicos del reventón de 5 mil. Por eso, juega a ganar dinero con tus amigos en el “Super llamada ganadora” que se realizará todos los días de este mes de marzo.

Reg"
"results/images/preprocessed/trome/2014/01/01/trome_2014-01-01#25.png","
EMPIEZA AÑO NUEVO CON AMOR Y TRABAJO

Estoy feliz porque trabajo, pero lo me- nos los primeros meses, luego no lo sé. Bienvenido a mi nuevo mundo. Bienvenido al Caribe y ya viven en mi mente también en Ejespecial de televisión que hay que verlo en el otro, divertirnos a la gente.

¿Sientes que tu participación en el programa mahumorístico es solo decorativa? Obviamente las chicas adornamos los programas, pero también me he tocado imitar. Así que creo que somos un trabajo humorístico.
En realidad no hago dietas, no hago ejercicios, los ejercicio que hagamos son en la competencia del programa, porque es el tema de este programa y nosotros lo hacemos con entusiasmo.

¿Y te afectan los propios? Felizmente nadie ha sido tan tonto como yo. Además, estoy convencido que las chicas nos dan cosas bonitas en la calle. He visto cosas horribles en el fanpage de Facebook, pero no respondía a ese tipo de comentarios.
¿Semejante tono ignacio Baladán? Ya está acostumbrado. A él también le escriben cosas fuera de lugar, sabemos que es parte de nuestro trabajo. Felizmente las chicas no son tan mandadas como nos dan más.

Parejita se encuentra en el de retomar sus labores

Los chicos, Enamorados estaremos en relación entre ustedes, ya se puede hablar de proyecciones más serias...

El tiempo pasa rápido. Obviamente hemos conversado de cómo sería casarnos con nuestros hijos, pero todavía son planteamientos.

Caribe relajándose antes

Estamos en el Caribe para disfrutar las vacaciones por unas semanas. Aunque no lo pensamos así, se puede decir que es un buen momento para darse un muelle. ¿Te llevas a Uruguay? Hemos ido tres veces a Uruguay. Toda su familia superlinda conmigo, me siento cómoda y confiante. El es super detallista y ha hecho cosas lindas por mí.

L
aguapa Melissa Paredes (23) arranca el 2014 con el pie dere- cho, porque no le faltará trabajo ni la meroesteño que inicia, pues continuará en ""Bienvenida a la tarde"" y su relación al lado de Ignacio Baladán sigue consolidándose. Por eso, brinda con champaña y se refaja en el Caribe con su novio.

¿Yarenovaste contrato para este 2014 con Frecuencia Latina?

MODELO BRINDA CON CHAMPANA PORQUE CONTINUARA EN BIENVENIDA LA TARDE Y SU RELACION CON IGNACIO BALADAN ES MAS FIRME HASTA YA HAN HABLADO DE MATRIMONIO PARA EL FUTURO

•POR FRANKLOPEZ •FOTOS KELVIN GARCÍA"
