file,overall_acc,macro_f1,mean_task_acc,modernizante_f1,estructuralista_f1,neoliberal_f1,posmoderna_f1,voluntarista_f1
test_results_None_False_True_False_True_1000_macro_f1_2025-12-07.json,0.7186666666666667,0.517261186347287,0.7186666666666668,0.6996148908857509,0.4924460168504812,0.3539094650205761,0.494949494949495,0.5453860640301319
test_results_random_swap_False_False_False_True_1100_accuracy_2025-12-08.json,0.7090909090909091,0.568735412293664,0.7090909090909091,0.566576639905287,0.5679798957814355,0.4142055098576838,0.48757763975155277,0.8073373761723606
test_results_None_False_False_False_True_100_accuracy_2025-12-06.json,0.6266666666666667,0.4707426872644264,0.6266666666666667,0.4,0.5051282051282051,0.3333333333333333,0.5120772946859903,0.6031746031746031
test_results_random_swap_True_False_False_True_900_macro_f1_2025-12-16.json,0.7881481481481482,0.557138132867262,0.7881481481481482,0.6664705882352941,0.4894491129785248,0.4844768990539175,0.3308457711442786,0.8144482929242949
test_results_random_swap_False_True_True_True_900_macro_f1_2025-12-16.json,0.762962962962963,0.5245166983493197,0.7629629629629628,0.6557878633350331,0.5889914304548451,0.5215584415584416,0.3308457711442786,0.5253999852539999
test_results_None_False_True_False_True_900_accuracy_2025-12-07.json,0.7911111111111111,0.5563958897627093,0.7911111111111111,0.6867366878358574,0.4767533490937746,0.4551575545381093,0.3295880149812734,0.833743842364532
test_results_random_swap_False_True_False_True_1200_accuracy_2025-12-17.json,0.6977777777777778,0.4318707332911996,0.6977777777777778,0.4249201277955272,0.34716579988879076,0.4429541314787217,0.4690265486725664,0.4752870586203919
test_results_random_swap_True_False_False_True_1100_accuracy_2025-12-08.json,0.8193939393939393,0.6135457175637187,0.8193939393939396,0.7183064240768743,0.5216662422544776,0.4840657267332167,0.49848024316109424,0.8452099515929303
test_results_None_False_False_True_True_500_macro_f1_2025-12-07.json,0.704,0.5132082665780471,0.704,0.6628304261823413,0.4585670555141888,0.421205519244735,0.576241134751773,0.44719719719719714
test_results_random_swap_False_False_True_True_1200_macro_f1_2025-12-16.json,0.7933333333333333,0.5702558461428943,0.7933333333333333,0.7328999434708876,0.5375903297858363,0.5444781485226379,0.4943820224719101,0.5419287864631994
test_results_random_deletion_True_True_False_True_1100_accuracy_2025-12-15.json,0.7987878787878788,0.5247460804458776,0.7987878787878788,0.4977863862755949,0.45793081460226365,0.34259259259259256,0.49848024316109424,0.8269403655978425
test_results_random_swap_False_True_True_True_900_accuracy_2025-12-08.json,0.7585185185185185,0.558428172435107,0.7585185185185186,0.6246524559777571,0.4221556886227545,0.5047171862092953,0.4924812030075188,0.7481343283582089
test_results_random_deletion_False_False_True_True_1100_macro_f1_2025-12-14.json,0.7806060606060606,0.5848687386761828,0.7806060606060605,0.6112710818593172,0.4884211163029836,0.5122426799641989,0.4969512195121951,0.8154575957422192
test_results_None_False_False_False_True_500_accuracy_2025-12-06.json,0.6986666666666667,0.5230549206808514,0.6986666666666668,0.625081504020865,0.4003354003354003,0.39824989824989826,0.5144198524480215,0.6771879483500718
test_results_random_swap_False_False_False_True_1100_macro_f1_2025-12-14.json,0.6872727272727273,0.5564288007865335,0.6872727272727273,0.5616883116883117,0.5119236932319918,0.403584229390681,0.48757763975155277,0.8173701298701299
test_results_None_False_True_True_True_500_macro_f1_2025-12-07.json,0.7413333333333333,0.5346618809109575,0.7413333333333333,0.7056514913657771,0.5147696284737,0.4247166756610901,0.5261390887290168,0.5020325203252033
test_results_random_deletion_False_True_False_True_1100_macro_f1_2025-12-09.json,0.7624242424242424,0.5845796298136285,0.7624242424242423,0.6538319141058867,0.5470329385879764,0.43703703703703706,0.4938650306748466,0.7911312286623959
test_results_None_False_False_False_True_200_accuracy_2025-12-06.json,0.7333333333333333,0.5329044152728363,0.7333333333333334,0.7333333333333333,0.4612794612794613,0.4481481481481482,0.47368421052631576,0.548076923076923
test_results_None_False_False_False_True_400_accuracy_2025-12-06.json,0.6666666666666666,0.4940675528701103,0.6666666666666667,0.6113770768797522,0.4389953171562367,0.4577100115074799,0.490990990990991,0.47126436781609193
test_results_random_swap_True_True_True_True_1100_macro_f1_2025-12-17.json,0.7903030303030303,0.5194588634036157,0.7903030303030303,0.6212121212121212,0.46892855465893923,0.4783172780642859,0.4969512195121951,0.5318851435705368
test_results_None_False_True_False_True_500_macro_f1_2025-12-07.json,0.6373333333333333,0.4945361642137699,0.6373333333333333,0.5157819225251077,0.4239798683701123,0.3520697167755991,0.5144198524480215,0.6664294609500089
test_results_random_deletion_True_False_True_True_1100_macro_f1_2025-12-14.json,0.7987878787878788,0.591209977514616,0.7987878787878787,0.7022096483098386,0.44610370870902577,0.4758543951676999,0.49848024316109424,0.8334018922254216
test_results_None_True_False_False_True_900_macro_f1_2025-12-17.json,0.7807407407407407,0.5707329704677516,0.7807407407407407,0.7129579004920722,0.525630167372454,0.4644547438632629,0.3295880149812734,0.8210340256296951
test_results_random_swap_False_False_False_True_900_macro_f1_2025-12-16.json,0.7303703703703703,0.538389025084482,0.7303703703703703,0.598141060688901,0.44027392873418814,0.4280412371134021,0.49056603773584906,0.7349228611500701
test_results_random_swap_True_True_False_True_1100_macro_f1_2025-12-09.json,0.7818181818181819,0.5946664898829164,0.7818181818181819,0.7161697247706422,0.5257559047881628,0.46281575693340393,0.4969512195121951,0.7716398434101783
test_results_None_False_False_True_True_600_macro_f1_2025-12-06.json,0.7466666666666667,0.5508817688182328,0.7466666666666667,0.6203636363636363,0.5922801189019059,0.5357097505668934,0.4915254237288136,0.5145299145299146
test_results_None_False_True_True_True_1000_macro_f1_2025-12-08.json,0.6853333333333333,0.48793120920123584,0.6853333333333333,0.6124401913875598,0.4348220769789397,0.40645329169919336,0.494949494949495,0.4909909909909909
test_results_None_False_True_True_True_1200_accuracy_2025-12-07.json,0.7811111111111111,0.5227005839833192,0.7811111111111112,0.6513030447019262,0.4491852772237299,0.4666666666666666,0.4943820224719101,0.5519659088523626
test_results_None_False_False_True_True_1100_macro_f1_2025-12-07.json,0.7951515151515152,0.5550436122764121,0.7951515151515152,0.6965737514518002,0.5797379019688524,0.4535825545171339,0.4954128440366973,0.5499110094075769
test_results_random_swap_True_True_False_True_1200_accuracy_2025-12-16.json,0.8,0.5295064427384404,0.8,0.6999864858777423,0.4541927409261577,0.4475338648000518,0.4972067039106145,0.5486124181776355
test_results_None_False_False_False_True_1100_accuracy_2025-12-06.json,0.7890909090909091,0.5735986453925566,0.7890909090909091,0.5914082687338501,0.5221046028385478,0.45765042150584323,0.4969512195121951,0.7998787143723469
test_results_None_False_False_True_True_1200_macro_f1_2025-12-07.json,0.7966666666666666,0.5888708383158876,0.7966666666666666,0.7076045483736919,0.5654619234838077,0.46409674981103555,0.4986072423398329,0.7085837275710695
test_results_random_deletion_True_False_True_True_1000_accuracy_2025-12-16.json,0.7946666666666666,0.5533782344645362,0.7946666666666666,0.6586505935174365,0.5109041259866083,0.4632190265486726,0.32996632996632996,0.8041510963036334
test_results_None_True_True_False_True_1100_accuracy_2025-12-15.json,0.7987878787878788,0.6656072046326715,0.7987878787878788,0.6482225197084635,0.3924022837066315,0.4934793948878456,1.0,0.7939318248604172
test_results_random_deletion_False_False_False_True_1100_macro_f1_2025-12-14.json,0.7503030303030302,0.5863780607545171,0.7503030303030302,0.6590909090909092,0.5430814165753924,0.44512263099219623,0.48757763975155277,0.797017707362535
test_results_None_False_True_True_True_1200_macro_f1_2025-12-07.json,0.7877777777777778,0.5358392718198168,0.7877777777777778,0.6447988401594781,0.5395717347834218,0.46139545056867887,0.4986072423398329,0.5348230912476722
test_results_random_swap_True_False_True_True_1200_macro_f1_2025-12-17.json,0.8066666666666666,0.5295552911413741,0.8066666666666666,0.6999473591858221,0.4609023422711635,0.4540131246845028,0.4986072423398329,0.5343063872255489
test_results_None_True_False_False_True_1100_accuracy_2025-12-08.json,0.7951515151515152,0.4884625553713435,0.7951515151515152,0.6854746473503621,0.48266328624894356,0.4138996138996139,0.3302752293577982,0.5299999999999999
test_results_None_False_False_False_True_700_macro_f1_2025-12-06.json,0.6647619047619048,0.46651543573526216,0.6647619047619048,0.4435307017543859,0.47375747154671255,0.42247765006385696,0.4951923076923077,0.4976190476190476
test_results_None_False_False_False_True_1200_accuracy_2025-12-06.json,0.7844444444444445,0.5498478696413905,0.7844444444444445,0.6875,0.5541152263374486,0.47291741795888925,0.4972067039106145,0.5375
test_results_None_False_True_False_True_1000_accuracy_2025-12-07.json,0.6893333333333334,0.43044163298593485,0.6893333333333334,0.4434892769885078,0.38521733887984566,0.33022429491450145,0.4983277591973244,0.494949494949495
test_results_random_deletion_True_False_False_True_1100_accuracy_2025-12-08.json,0.7951515151515152,0.5076707281139382,0.7951515151515152,0.5518518518518518,0.5046223100570927,0.4468720821661998,0.4969512195121951,0.5380561769823514
test_results_None_False_True_True_True_900_accuracy_2025-12-07.json,0.7674074074074074,0.6453890013979398,0.7674074074074074,0.5159307448007376,0.45220594088063965,0.4439935064935065,1.0,0.8148148148148148
test_results_random_deletion_True_True_False_True_1100_macro_f1_2025-12-09.json,0.7793939393939394,0.5566307723476747,0.7793939393939394,0.6126086956521739,0.5927355964412196,0.4671414292853573,0.32924335378323105,0.7814247865763909
test_results_None_False_False_False_True_800_macro_f1_2025-12-06.json,0.74,0.5201706203807779,0.74,0.6799999999999999,0.5150364039252928,0.5702238006652008,0.3276836158192091,0.5079092814941871
test_results_None_False_False_False_True_1100_macro_f1_2025-12-06.json,0.8024242424242424,0.5598897504368325,0.8024242424242424,0.7185672514619883,0.5583985993102517,0.48308310108184244,0.4969512195121951,0.5424485808178853
test_results_None_False_False_True_True_900_accuracy_2025-12-07.json,0.7570370370370371,0.529600246405297,0.7570370370370371,0.5184553349875931,0.4155509546813894,0.4637806637806638,0.49814126394052044,0.7520730146363181
test_results_None_True_False_True_True_1100_macro_f1_2025-12-14.json,0.8072727272727273,0.6173373363517524,0.8072727272727273,0.7041243275552899,0.5848451717639446,0.5075083975498913,0.49848024316109424,0.7917285417285418
test_results_None_True_True_True_True_900_accuracy_2025-12-08.json,0.7925925925925926,0.5662948464288448,0.7925925925925925,0.6689641460666711,0.5521530737899024,0.4799070847851336,0.3308457711442786,0.7996041563582384
test_results_random_swap_False_True_True_True_1100_macro_f1_2025-12-17.json,0.7090909090909091,0.5122585553818516,0.7090909090909091,0.6350753604193972,0.48242157735018165,0.4574654676550411,0.4969512195121951,0.48937915197244325
test_results_random_swap_False_True_False_True_1100_accuracy_2025-12-15.json,0.743030303030303,0.5724454439028889,0.743030303030303,0.6333333333333333,0.4886725599185949,0.46773455377574374,0.49074074074074076,0.7817460317460317
test_results_random_deletion_True_True_False_True_1200_accuracy_2025-12-16.json,0.8155555555555556,0.6219819759479486,0.8155555555555555,0.7360248447204969,0.36891304633240124,0.45635957050920944,1.0,0.5486124181776355
test_results_None_False_False_True_True_900_macro_f1_2025-12-06.json,0.7481481481481481,0.5597117954480677,0.7481481481481482,0.6272434422457431,0.4510464058234758,0.4598039215686274,0.49814126394052044,0.7623239436619718
test_results_random_swap_True_False_True_True_1100_macro_f1_2025-12-15.json,0.793939393939394,0.6169569928388412,0.7939393939393938,0.7217080093792423,0.5824128803959643,0.47698902606310006,0.49848024316109424,0.8051948051948052
test_results_None_False_True_True_True_900_macro_f1_2025-12-07.json,0.7866666666666666,0.5799445170521437,0.7866666666666666,0.746540574368959,0.43608532812245565,0.426465300251708,0.49814126394052044,0.7924901185770751
test_results_random_deletion_False_False_True_True_1100_accuracy_2025-12-09.json,0.7927272727272727,0.5006794579536286,0.7927272727272727,0.5925925925925926,0.4089247083023016,0.46050420168067224,0.4969512195121951,0.5444245676803816
test_results_random_deletion_False_True_True_True_900_macro_f1_2025-12-16.json,0.7733333333333333,0.5245488299604075,0.7733333333333332,0.5422137205460394,0.4331565095813801,0.4017634655932529,0.49814126394052044,0.747469190140845
test_results_None_True_False_True_True_1100_accuracy_2025-12-09.json,0.8145454545454546,0.6029228315529906,0.8145454545454545,0.73798829454199,0.4629583677970775,0.4838895281933257,0.4969512195121951,0.8328267477203647
test_results_random_deletion_False_True_False_True_1200_accuracy_2025-12-09.json,0.7622222222222222,0.48753235277309803,0.7622222222222221,0.4471153846153846,0.4949080407356741,0.4545692030018049,0.4986072423398329,0.5424618931727937
test_results_None_False_False_False_True_200_macro_f1_2025-12-06.json,0.7666666666666667,0.5830787819693367,0.7666666666666667,0.8237367802585194,0.34074074074074073,0.4365079365079365,0.4827586206896552,0.8316498316498316
test_results_None_False_False_False_True_600_macro_f1_2025-12-06.json,0.7177777777777777,0.5869488336210013,0.7177777777777777,0.6296296296296295,0.5894921075226207,0.569607843137255,0.4915254237288136,0.6544891640866872
test_results_None_True_True_False_True_1100_macro_f1_2025-12-09.json,0.7806060606060606,0.5888057704906229,0.7806060606060605,0.6401515151515151,0.5700523756079311,0.42946236559139783,0.49848024316109424,0.8058823529411765
test_results_None_True_True_True_True_1100_macro_f1_2025-12-17.json,0.8121212121212121,0.6241626171303754,0.8121212121212121,0.6859535591929958,0.579793221827472,0.5340119949494949,0.49848024316109424,0.8225740665208201
test_results_None_False_False_False_True_900_accuracy_2025-12-06.json,0.762962962962963,0.5716875114546356,0.7629629629629628,0.6649200220628793,0.470537376961958,0.43333333333333335,0.4827586206896552,0.8068882042253521
test_results_random_deletion_True_False_True_True_1200_macro_f1_2025-12-16.json,0.7944444444444444,0.5400431180698699,0.7944444444444444,0.664179104477612,0.5386440832665089,0.46775067750677507,0.4986072423398329,0.5310344827586208
test_results_None_False_False_False_True_400_macro_f1_2025-12-06.json,0.6533333333333333,0.48148681647186303,0.6533333333333333,0.6052631578947368,0.34722222222222227,0.2838283828382838,0.5941520467836258,0.5769682726204466
test_results_random_deletion_False_False_False_True_1100_accuracy_2025-12-08.json,0.7890909090909091,0.5991403725133366,0.7890909090909091,0.6042321837855125,0.5992654761464612,0.46570752857705955,0.4969512195121951,0.8295454545454546
test_results_None_True_False_True_True_1000_accuracy_2025-12-17.json,0.7826666666666666,0.5692752203035106,0.7826666666666666,0.7584541062801933,0.5354112554112554,0.43476851851851855,0.32996632996632996,0.7877758913412564
test_results_random_deletion_True_True_False_True_1200_accuracy_2025-12-17.json,0.7955555555555556,0.5599022290930795,0.7955555555555556,0.4471153846153846,0.39752365989600874,0.42100456621004567,1.0,0.5338675347439589
test_results_random_deletion_True_True_True_True_900_macro_f1_2025-12-17.json,0.7718518518518519,0.5412424948691527,0.7718518518518518,0.609073359073359,0.48989234247916036,0.4779938339038186,0.3308457711442786,0.7984071677451469
test_results_random_swap_False_True_False_True_1100_macro_f1_2025-12-09.json,0.7442424242424243,0.5862873872207832,0.7442424242424241,0.6099290780141844,0.6029267785958216,0.4234330484330484,0.4954128440366973,0.7997351870241642
test_results_None_True_False_False_True_1100_macro_f1_2025-12-14.json,0.8242424242424242,0.6252784995474152,0.8242424242424242,0.6802325581395349,0.6171717171717171,0.4727541225695299,0.4969512195121951,0.8592828803440988
test_results_random_deletion_False_False_True_True_1000_accuracy_2025-12-17.json,0.7333333333333333,0.524971027506314,0.7333333333333334,0.6790507683330091,0.5101876562036685,0.409999090991728,0.494949494949495,0.5306681270536692
test_results_random_deletion_False_False_False_True_900_macro_f1_2025-12-16.json,0.7659259259259259,0.580440325601467,0.765925925925926,0.5962732919254659,0.42218374218374216,0.5673845494481946,0.4943820224719101,0.8219780219780219
test_results_None_False_True_False_True_1200_macro_f1_2025-12-07.json,0.7722222222222223,0.4838104134129037,0.7722222222222221,0.4249201277955272,0.49062049062049057,0.46018058821821556,0.4986072423398329,0.5447236180904523
test_results_None_False_False_False_True_1000_accuracy_2025-12-06.json,0.7466666666666667,0.5444751987772916,0.7466666666666666,0.6649292628443783,0.422904170937934,0.41029975208474195,0.494949494949495,0.7292933130699089
test_results_None_False_False_True_True_1100_accuracy_2025-12-07.json,0.8024242424242424,0.5612680672793704,0.8024242424242424,0.6737781047404479,0.6247380652346971,0.46096193750193565,0.4969512195121951,0.5499110094075769
test_results_None_False_False_False_True_1200_macro_f1_2025-12-06.json,0.7833333333333333,0.5082393459441321,0.7833333333333333,0.712511091393079,0.5215601392071981,0.4574898785425101,0.33053221288515405,0.5191034076927191
test_results_random_deletion_False_True_True_True_900_accuracy_2025-12-08.json,0.7718518518518519,0.5739101622355764,0.7718518518518518,0.6533613445378151,0.43761770820594353,0.4682539682539682,0.49814126394052044,0.812176526239635
test_results_None_False_True_True_True_600_macro_f1_2025-12-07.json,0.7377777777777778,0.5253177637075772,0.7377777777777779,0.6759259259259259,0.5603661327231121,0.425625,0.4915254237288136,0.47314633616003476
test_results_None_False_False_False_True_1000_macro_f1_2025-12-06.json,0.76,0.5055124040123606,0.76,0.717809364548495,0.5494551939452181,0.40831964969896006,0.3276836158192091,0.5242941960499213
test_results_None_False_True_False_True_900_macro_f1_2025-12-07.json,0.725925925925926,0.5382879362215554,0.725925925925926,0.6093802570486508,0.41298599199542596,0.4950062421972534,0.49814126394052044,0.6759259259259259
test_results_None_False_False_False_True_300_macro_f1_2025-12-06.json,0.7111111111111111,0.5402576244678452,0.711111111111111,0.6192135390741662,0.46540404040404043,0.6205128205128205,0.48765432098765427,0.5085034013605442
test_results_None_False_True_False_True_1100_macro_f1_2025-12-06.json,0.7951515151515152,0.5686275034032348,0.7951515151515152,0.7191664245091121,0.6116608651289206,0.4652286657237152,0.49230769230769234,0.5547738693467337
test_results_None_False_False_False_True_300_accuracy_2025-12-06.json,0.7377777777777778,0.543293880875366,0.7377777777777779,0.6493506493506493,0.5662644544997487,0.416141235813367,0.5920634920634921,0.4926495726495726
test_results_random_deletion_True_False_True_True_1100_accuracy_2025-12-10.json,0.7951515151515152,0.575453565624737,0.7951515151515152,0.7061965811965812,0.39568896449174645,0.46045338378306616,0.49848024316109424,0.8164486554911965
test_results_random_deletion_True_False_False_True_900_macro_f1_2025-12-16.json,0.7955555555555556,0.5805794707875325,0.7955555555555556,0.7475961538461539,0.5701514322203978,0.4421768707482993,0.3283208020050125,0.8146520951177989
test_results_random_swap_True_True_True_True_900_accuracy_2025-12-08.json,0.76,0.5160717853269261,0.76,0.675808897876643,0.42441866735693173,0.4846739257698161,0.49814126394052044,0.4973161716907189
test_results_random_swap_True_True_False_True_1100_accuracy_2025-12-15.json,0.806060606060606,0.605784437857687,0.806060606060606,0.7212837837837838,0.5654529378667309,0.4338468548994865,0.49848024316109424,0.8098583695773391
test_results_random_deletion_True_True_True_True_1100_macro_f1_2025-12-17.json,0.7442424242424243,0.5564311284261303,0.7442424242424244,0.611764705882353,0.491063894900212,0.4082011828125818,0.484375,0.7867508585355046
test_results_random_swap_False_False_True_True_1100_macro_f1_2025-12-14.json,0.7321212121212122,0.5834716694381249,0.7321212121212121,0.6716097560975609,0.5213235294117647,0.4446487336291085,0.4827586206896552,0.797017707362535
test_results_random_deletion_False_False_True_True_1200_macro_f1_2025-12-16.json,0.7777777777777778,0.5377756579008574,0.7777777777777779,0.6555494805904866,0.5309809418757852,0.4650789012273524,0.49008498583569404,0.5471839799749687
test_results_random_swap_True_False_True_True_1100_accuracy_2025-12-14.json,0.7915151515151515,0.5643370792236231,0.7915151515151515,0.7164829638321948,0.33627767682885795,0.44047619047619047,0.49848024316109424,0.8299683218197779
test_results_random_deletion_False_True_True_True_1100_macro_f1_2025-12-17.json,0.7696969696969697,0.4991510254839354,0.7696969696969698,0.5541588345864661,0.49385733684799105,0.4151137884872824,0.4938650306748466,0.5387601368230909
test_results_None_False_False_False_True_600_accuracy_2025-12-06.json,0.7088888888888889,0.5168684898219846,0.7088888888888889,0.5341614906832298,0.47626262626262633,0.438652186020607,0.4915254237288136,0.6437407224146462
test_results_random_swap_True_True_True_True_900_macro_f1_2025-12-17.json,0.7881481481481482,0.5933754325830257,0.7881481481481482,0.6604938271604939,0.5038085742771685,0.49064039408866994,0.49814126394052044,0.8137931034482759
test_results_None_False_False_False_True_100_macro_f1_2025-12-06.json,0.5466666666666666,0.40729646360081145,0.5466666666666666,0.4642857142857143,0.33240740740740743,0.21212121212121213,0.49350649350649345,0.5341614906832298
test_results_None_False_False_True_True_1000_macro_f1_2025-12-07.json,0.768,0.5140117030013516,0.768,0.6762166405023547,0.5479398749438668,0.46991869918699186,0.32882882882882886,0.5471544715447155
test_results_None_False_True_False_True_1100_accuracy_2025-12-07.json,0.806060606060606,0.5525744700991437,0.806060606060606,0.5228455754771544,0.6555447240931112,0.5472396329539188,0.4954128440366973,0.5418295739348371
test_results_None_False_True_True_True_1100_macro_f1_2025-12-07.json,0.8036363636363636,0.6040267629017941,0.8036363636363635,0.7613172226004085,0.4886363636363636,0.496769109535067,0.49848024316109424,0.7749308755760369
test_results_None_False_True_True_True_1000_accuracy_2025-12-07.json,0.764,0.49098892190014787,0.764,0.679890560875513,0.4073731103812275,0.5251765778081567,0.31823461091753774,0.5242697495183045
test_results_None_False_False_False_True_700_accuracy_2025-12-06.json,0.7085714285714285,0.46508295260894633,0.7085714285714285,0.5970394736842105,0.4585488505747126,0.43005249343832025,0.3285024154589372,0.5112715298885512
test_results_None_False_False_False_True_500_macro_f1_2025-12-06.json,0.7253333333333334,0.5737808847849728,0.7253333333333332,0.5948966287949339,0.5443426391935877,0.47222222222222227,0.5507936507936507,0.7066492829204694
test_results_random_deletion_False_True_False_True_1200_accuracy_2025-12-16.json,0.76,0.516524191738713,0.76,0.6051938936655554,0.4884324100010374,0.44480443254918534,0.4986072423398329,0.5455829801379539
test_results_None_False_False_False_True_900_macro_f1_2025-12-06.json,0.7866666666666666,0.5879456105875297,0.7866666666666667,0.6716589861751152,0.4610878080222123,0.48662752772341805,0.49814126394052044,0.8222124670763828
test_results_random_deletion_True_False_False_True_1100_macro_f1_2025-12-14.json,0.8181818181818182,0.6225199219351315,0.8181818181818181,0.7560869565217392,0.5494451164297093,0.4668212112431179,0.49848024316109424,0.8417660823199969
test_results_random_swap_False_False_True_True_1000_accuracy_2025-12-16.json,0.7453333333333333,0.5308004750414035,0.7453333333333334,0.6838343108504399,0.5054585916895455,0.44116037219485493,0.494949494949495,0.5285996055226825
test_results_None_True_False_True_True_1200_macro_f1_2025-12-16.json,0.8,0.5431553300088969,0.8,0.7025240384615384,0.4874443248493283,0.48897338403041823,0.4986072423398329,0.5382276603633667
test_results_None_False_True_False_True_1200_accuracy_2025-12-07.json,0.7988888888888889,0.6238056415366316,0.7988888888888889,0.6448074893304575,0.48795502191728607,0.45768370931684227,1.0,0.5285819871185725
test_results_random_deletion_False_True_False_True_1100_accuracy_2025-12-15.json,0.7684848484848484,0.5453762843524665,0.7684848484848485,0.6219032383587704,0.5365820311638595,0.5408388842732277,0.48757763975155277,0.5399796282149224
test_results_None_False_False_True_True_1200_accuracy_2025-12-07.json,0.7888888888888889,0.5420580700329847,0.788888888888889,0.6997338065661047,0.4887615468766824,0.48237014431941,0.4986072423398329,0.5408176100628931
test_results_None_False_True_False_True_600_macro_f1_2025-12-07.json,0.7311111111111112,0.5460140976423551,0.7311111111111112,0.6552635054814424,0.3956747213946817,0.4764957264957265,0.4915254237288136,0.7111111111111111
test_results_None_True_True_False_True_1200_accuracy_2025-12-09.json,0.7833333333333333,0.5022195007430239,0.7833333333333334,0.6497405485544848,0.4202020202020202,0.45098039215686275,0.4986072423398329,0.4915673004619186
test_results_None_False_True_True_True_1100_accuracy_2025-12-07.json,0.7721212121212121,0.5064369587085864,0.7721212121212121,0.6643696292913779,0.4424253034547152,0.3952086671244373,0.4969512195121951,0.5332299741602067
test_results_None_True_True_True_True_900_macro_f1_2025-12-16.json,0.7674074074074074,0.5377708060133297,0.7674074074074074,0.595,0.42314458011565587,0.5181207210602349,0.3308457711442786,0.8217429577464789
test_results_random_swap_True_False_False_True_1100_macro_f1_2025-12-14.json,0.793939393939394,0.6094659735698374,0.793939393939394,0.7068427370948379,0.5912232460630881,0.4411904761904762,0.4969512195121951,0.8111221889885898
test_results_random_deletion_True_True_True_True_900_accuracy_2025-12-08.json,0.7985185185185185,0.5618806492706375,0.7985185185185184,0.706221198156682,0.5258481870176023,0.4468839336763865,0.3308457711442786,0.7996041563582384
test_results_random_swap_False_False_True_True_1100_accuracy_2025-12-09.json,0.7454545454545455,0.5522019748486355,0.7454545454545454,0.6358764186633039,0.4193989071038251,0.4414141414141414,0.4954128440366973,0.76890756302521
test_results_random_swap_False_True_False_True_1200_accuracy_2025-12-09.json,0.7355555555555555,0.5197618761551089,0.7355555555555554,0.6759516873424765,0.4670891050201395,0.4311939461883408,0.48717948717948717,0.537395155045101
test_results_None_False_False_False_True_800_accuracy_2025-12-06.json,0.74,0.45316482460416985,0.74,0.6218181818181818,0.4120212310745728,0.39572192513368987,0.3276836158192091,0.5085791691751956
test_results_None_False_False_True_True_1000_accuracy_2025-12-07.json,0.7773333333333333,0.5895896501121304,0.7773333333333333,0.6924128503075871,0.5184955690269071,0.4345390166285689,0.494949494949495,0.8075513196480939
test_results_None_True_True_False_True_1200_accuracy_2025-12-16.json,0.78,0.5860342424530304,0.78,0.6693046919163369,0.39780412823891087,0.3357870279894904,1.0,0.5272753641204135
test_results_random_swap_True_False_True_True_1000_accuracy_2025-12-16.json,0.7773333333333333,0.5487501620693266,0.7773333333333333,0.6992954922962369,0.5186556265939979,0.42925098452060667,0.32996632996632996,0.7665823769694612
