"headline","content","newspaper","date"
"El radicalismo es estéril","El radicalismo de cualquier signo es peligroso. Las utopías terrenales son diabólicas. Construir en la esfera pública un paraíso bajo el signo de la ideología es el viejo anhelo de la serpiente que divide. Poco se puede esperar de la vida terrena, pero al menos hemos de luchar por la unidad.  La que ha sucedido en los Estados Unidos...   Es preocupante que en el futuro millones de peruanos no solo se queden sin pensiones sino también sin servicios de salud. Estarán desprotegidos. Es lógico que este sombrío panorama no solo genere lamentos de los que se queden sin ayuda social sino también reclamos y protestas que puedan desencadenar caos y convulsión.  El Parlamento debe alentar un proyecto común, estable, sustentable y de respeto a las reglas, en el que no haya lugar para el populismo, la demagogia y el clientelaje político. Nos cuesta entender que tomen decisiones que en tiempos de gasto del dinero público sin ninguna planificación y que nos pasarán factura dentro de algunos años.","correo","05/11/2020"
"El federalismo y sistema electoral","Carlos Hakanson  El sistema electoral en los Estados Unidos de América suma confusión por tratarse de un procedimiento por sufragio universal e indirecto, a través de los delegados electos que votan en el Colegio Electoral. El candidato del partido ganador obtendrá la victoria si alcanza la mitad más uno del número total de compromisarios, a pesar que su competidor cuente con mayor número del voto popular. ¿Cuál es la razón que explica la finalidad de este sistema? Como casi todo lo que concierne al sistema Político estadounidense, la respuesta se encuentra en el federalismo. El deseo de los estados para que la elección del Presidente Federal no sea determinada por unos más poblados, evitando una permanente tiranía de las mayores. Por eso, si bien el número de delegados electorales es proporcional al número de habitantes en cada estado, los compromisarios votarán por el partido ganador logrando que todos cuenten durante un proceso electoral.  El federalismo es como una veta que lo cruza todo para conformar su forma de Estado y lógica interna. La Constitución estadounidense es codificada por significar el pacto a una Unión más perfecta, también es rígida para reformarse por el Congreso a través de un complejo procedimiento para enmendarla y que exige la participación de los estados federados. Un Senado, la cámara con más peso político representado bajo el principio de igualdad, con dos senadores por cada estado federado y un mandato de seis años. También una Corte Suprema con nueve magistrados con nombramiento vitalicio, para que el tiempo los forme y sensibilice en los temas jurídicos federales que importan a todos los ciudadanos, cimiento de su institucionalidad que decide con efectos vinculantes para todo el país; al punto, que también hacen las veces de máximo órgano de jurisdicción electoral.","correo","05/11/2020"
"UN CASO JUDICIAL QUE INDIGNA","Poder Judicial, a través de su Oficina de Control de Magistratura (OCMA), tiene una gran oportunidad lavarse la cara y dejar en claro el caso de los tres magistrados de la región Ica que desestimaron una denuncia por violación, al señalar en su resolución que la víctima estuvo dispuesta a tener relaciones sexuales por llevar puesto un interior de color rojo, fue un hecho aislado cometido por personas a las que jamás se les debió dar la responsabilidad de administrar justicia...  Este hecho vergonzoso e indigno de profesionales del derecho no puede quedar impune dentro del Poder Judicial… Los magistrados de la Juzgado Penal Colegiado Supraprovincial Transitorio de la Zona Sur de Ica, Lucy Castro Chacaltana, Diana Jurado Espino y Ronald Anaya Huanama, merecen ser investigados con el máximo rigor por este hecho que pinta entero o mucho que le falta a nuestro sistema judicial para ser un país.  Todo profesional debe ser declarado culpable o inocente en base a argumentos válidos, coherentes y ajustados a la ley, y no en función a aquellos como los consignados en su resolución por los tres mencionados magistrados de la región Ica, que habría que ver qué otros fallos han dado, pues si son capaces de salvar a un acusado de violación por el color de una prenda de quien lo acusa, podemos esperar cualquier cosa de ellos.  Nuestro sistema judicial no solo mejorará cuando se cambien esos jueces y fiscales supremos, sino también a aquellos de todas las instancias y todos los distritos judiciales del país que no están haciendo bien su trabajo, sea porque son ineptos, indiferentes o corruptos. Estas personas no deben de seguir en sus cargos y sí la Junta Nacional de Justicia (JNJ) la que tiene que actuar con severidad cuando casos como estos lleguen a sus manos.","correo","05/11/2020"
"TRUMP DENUNCIA FRAUDE Y APELA A LA JUSTICIA PARA EVITAR VICTORIA DE BIDEN","Mandatario no dud en declararse ganador cuando aún quedaban varios estados sin emitir resultados oficiales. Biden queda a seis puntos de 270.  Intensa pelea por votos en EE.UU. Sin embargo, Trump se mostraba renuente a darse por vencido. No estoy de acuerdo, sino, además, no vamos a descansar hasta que cada voto sea contado. Denunciando fraude electoral, amenazando con acudir a instancias judiciales. No puedo decidir yo mismo el resultado de esta elección, manifestó.  A pesar de la incertidumbre electoral, el panorama favoreció al candidato demócrata Joe Biden. Al término de esta edición, el exvicepresidente de Barack Obama llevaba la delantera, en muchos casos de forma sólida, en tres estados principales: Nevada, Georgia, Michigan, Wisconsin y Pennsylvania. De estos, fueron los últimos los que mantuvieron disputas legales.  En el caso de Wisconsin, al madamente 98% de los votos contados, se perfilaba una ventaja para Biden. No obstante, Bill Stepien, jefe de campaña del mandatario, denunció que había informes de irregularidades en varios condados de Wisconsin que plantean serias dudas sobre la validez de los resultados. El presidente está dentro del umbral para solicitar un recuento.  En cuanto a Pennsylvania, el gobernador demócrata Tom Wolf adelantó que había ayer gran cantidad de votos por correo que faltaban escrutar. De acuerdo con el diario The New York Times, es probable que este estado no tenga resultados definitivos hasta mañana. Allí, al 82% de actas procesadas, Trump venía ganando por casi seis puntos de ventaja, pero el alud de votos enviados por va postal podría inclinar la balanza a favor de Biden. Esa fue otra de las razones del gobernante republicano para solicitar detener el conteo de votos.","correo","05/11/2020"
"De la moción de vacancia presidencial","Estas palabras resumen la falta de reflexión, la irracionalidad y el ataque a ojos cerrados de algunos congresistas con el único fin de servir a sus  intereses partidarios o personales. El debate del próximo lunes para definir la permanencia o no en su cargo del jefe de Estado es la excusa para que  determinados parlamentarios se  pongan en el centro del escenario y obtengan réditos políticos. El abuso de protagonismo de los que disfrazan  fiscalizaciones e investigaciones al Ejecutivo no es otra cosa que operaciones políticas empujadas por intereses partidarios que solo tienen que ver con las elecciones que vienen. Nadie dice que las denuncias contra el presidente Martín Vizcarra sean falsas y que éste sea inocente. Pero la palabra la tienen los órganos de justicia porque son instituciones  creadas por nuestra República para impedir la arbitrariedad. el  maniqueísmo político y la venganza. Nadie dice que el Congreso no debe ser la primera luz y dar claridad ante hechos de  corrupción u otros delitos. Pero jamás debe ser un poder que vaya más allá de sus atribuciones. No puede condenar  os sentenciar sumariamente cuando se necesitan concienzudos y decididos procesos de fiscales y jueces.","correo","05/11/2020"
"Canción sin nombre","Canción sin nombre, película dirigida por Melina León, fue seleccionada por el Ministerio de Cultura como  pcandidata a los premios Oscar representando al Perú en la categoría Mejor Largometraje Internacional. La cinta fue elegida mediante un sistema de votación realizado por un comité autónomo, conformado por representantes de gremios y asociaciones gráficas de nuestro país. El filme, inspirado en hechos reales, narra la historia de Georgina Condori (Pamela Mendoza), una mujer cuya hija recién nacida desaparece de una clínica falsa  durante la década de los años ochenta. En medio del caos político de la época, Pedro Campos (Tommy Párraga), un joven periodista limpio, tomará a su cargo la  investigación y emprenderá la búsqueda junto a Georgina.","correo","05/11/2020"
"Wicho García de “Mar de Copas” ante nueva tendencia","Conciertos en streaming llegaron para quedarse. Así lo afirma Wicho García, integrante y fundador de la banda Mar de Copas, quien anunció la segunda edición de este concierto online, con un renovado repertorio y sus grandes éxitos. En este concierto ‘Todos los singles: Volumen 2’ presentaremos 8 de los infaltables singles y 12 que no estuvieron en el Vol. I, cuenta García. Les ha sido muy difícil reinventarse y producir eventos virtuales? En general, ha sido y sigue siendo muy difícil sobrevivir como artistas en una situación como la que vivimos todos y que nadie pudo imaginar. Sin embargo, las ganas de seguir adelante persisten y gracias al avance y fusión de muchas tecnologías se han logrado implementar estas nuevas plataformas de streaming en vivo que nos permiten, al menos, seguir en contacto con nuestros seguidores y adaptándonos tanto ellos como nosotros a lo que hay por el momento. Cómo se siente un músico acostumbrado a las grandes masas tocando frente a unas cámaras y recibiendo likes en lugar de aplausos? La primera vez que hicimos un concierto virtual en setiembre pasado estábamos muy nerviosos. Pues no sabíamos a qué nos estábamos enfrentando. Sin embargo, después del positivo resultado de esa primera presentación, hemos aprendido que, si bien la energía que se despliega en un concierto presencial es muy grande y fuerte en todo sentido por el espacio, cantidad de gente, volumen de sonido, luces, etc., en un concierto virtual el lado emocional se despliega mucho más intensamente entre nosotros y el público. Suena raro no? Creo que esto sucede porque el poder verlos en la intimidad de sus hogares disfrutando de nuestra música, y muchos de ellos con sus hijos, nos da una sensación de intimidad que en un concierto presencial no es posible. Hay una sensación de cercanía que pese a la distancia física es muy emotiva y energizante de una manera completamente diferente pero, no por ello, menos efectiva. Es una experiencia distinta pero muy gratificante. Cuando se pueda volver a los escenarios, diremos adiós al streaming? Creo que el streaming ha llegado para quedarse, es decir, cuando haya nuevamente conciertos masivos y esenciales, la gente podrá elegir asistir físicamente o verlo desde sus casas y, por cierto, será una bendición para quienes están fuera del país y extrañan asistir a los conciertos de sus grupos favoritos. ¿Crees que estos meses de pandemia han sido productivos para discos, canciones y otras obras artísticas? No hay manera de que no sea así. Estos tiempos que vivimos son principalmente tiempos de reflexión y creatividad, de reinventarse, como dicen por ahí, y recrear nuevas formas no solo de sobrevivir en lo material, sino también de dar rienda suelta a la imaginación y poder mantenernos sanos mental y espiritualmente. De hecho, el proyecto del disco nuevo que qued detenido por la pandemia lo retomaremos el 2021, para terminarlo lo antes posible, dependiendo cómo se vayan dando las circunstancias.","correo","05/11/2020"
"Christian Cueva disputa hoy la Copa de Turquía con Yeni Malatyaspor","Christian Cueva, con Yeni Malatyaspor, recibirá desde las 10:00 a.m. a Ankaragücü Hopaspor en el estadio New Malatya por la Copa de Turquía. Mi primera intención con el club es conseguir objetivos grupales antes que individuales. Cuando llegue a marcar mi primer gol será diferente porque me dará otra confianza y eso es lo que estoy esperando, aseguró Cueva. Asimismo, este domingo jugará su último partido ante Denizlispor (5:30 a.m.), antes de volar hacia Perú para enfrentar la segunda fecha doble de Eliminatorias. En tanto, Christian Benavente continúa su participación en Europa League. Esta tarde Real Antwerp enfrentará a LASK (3:00 p.m.). El equipo del peruano es líder en el Grupo J con 6 puntos, arriba del Tottenham.","correo","05/11/2020"
"Chileno Aranguiz duda ante la bicolor","Charles Aranguiz presenta dolor en el tendón de Aquiles y tampoco estará en el partido de este domingo ante el Borussia Mönchengladbach, el siguiente rival del Perú en Eliminatorias. Asimismo, Sebastián Soto, jugador del Telstar de la Segunda División de Holanda con raíces chilenas pero nacido en California, rechazó a la Roja y del jugador por la selección de Estados Unidos. Mañana Reinaldo Rueda dará a conocer su lista de convocados para enfrentar a Perú y Venezuela. Desde la FPF, informan que New York City se negó a ceder al defensa. En tanto, Edison Flores podría quedar nuevamente fuera. Las cosas comienzan a complicarse para Ricardo Gareca. Nuevamente la Major League Soccer pone trabas para cesar a sus jugadores. El gerente de selecciones de la FPF, Antonio García Pye, informó que New York City ha dado su negativa para ceder a Alexander Callens a la Blanquirroja. El club ya informó de no estar en mente de cederlo por el momento, debido a que no quiere perderlo en octubre, aseguró. Como se recuerda, el jugador tampoco pudo viajar el mes pasado para los encuentros ante Paraguay y Brasil, puesto que en el estado en el que se encuentra es obligatorio realizar 14 días de cuarentena. Lo que haría que se pierda más de un partido con su equipo. No será el único. Por su parte, Edison Flores del DC United también podría correr el mismo riesgo. Hay dos escenarios posibles para que venga: Uno, que se consiga la exoneración de la ciudad de Columbia, y el otro, es que su equipo no clasifique (a los playoffs de la MLS), dijo García Pye. Cabe resaltar que Pedro Gallese (Orlando City) y Raúl Ruidiaz también podrían correr riesgo de no estar presentes para enfrentar a Chile y Argentina, dado que sus equipos han clasificado a la siguiente ronda del torneo norteamericano. Confianza. Ante la posibilidad de que Gallese no pueda estar presente en la próxima fecha doble, José Carvallo mostró confianza y aseguró que está listo para sumir el reto. Ojalá que pueda estar todo el equipo completo. Pero uno siempre tiene que estar preparado si te puede tocar, creo que por algo te llaman a la Selección, aseguró. Aprobado. El arquero de Universitario de Deportes también se refirió a la convocatoria de Gianluca Lapadula. Es un jugador importante que nos va a ayudar. El grupo lo va a recibir de la mejor manera, como siempre ha sido haciendo la selección nacional. En la era en la que estamos trabajando, hay muy buen ambiente. Son partidos muy duros y estamos esperando a que el grupo se complete. Además, hicimos buenas presentaciones ante Paraguay y Brasil afín. Se ponen apunto. Ayer, los seleccionados nacionales cumplieron con su tercer día de entrenamiento a la espera de que los extranjeros puedan sumarse a los trabajos en La Videna. Esta vez no habrá vuelos Charters alquilados por la FPF para traer a los jugadores. Utilizarán vuelos comerciales y especiales. Finalmente, Gianluca Lapadula estaría llegando al Perú entre mañana y el sábado. No habrá ningún problema, él se va a sentir muy cómodo aquí, dijo. Asimismo, tras el trabajo realizado ayer, los seleccionados nacionales continuarán con sus entrenamientos esta semana, mientras que los jugadores que militan en el exterior llegarán al Perú para incorporarse al plantel.","correo","05/11/2020"
"Juventus se pasea con el Ferencvros","Juventus regresó al triunfo en la Champions League. Ayer, los italianos golearon por 4—1 al Ferencvros por la tercera fecha del Grupo G de la Champions League en un partido que se llevó a cabo en el estadio Puskas Arena, en Hungría. Cristiano Ronaldo jugó todo el partido y aunque no marc, sí asistió en el segundo tanto de Álvaro Morata, que fue la figura con dos tantos.","correo","05/11/2020"
"TENDENCIA","También un aproximado de 4 mil. informó que la cantidad de diferencia de los 14 mil que hospitalizados ha llegado a haber en la peor etapa de la pandemia.  Al hospital ingresan pacientes con síntomas moderados. Pero ahora es mayor la cantidad de personas que salen de los nosocomios comparado con la cantidad que entra, dijo.  De igual forma, dijo que los casos de contagio han bajado al punto de casi igualar los niveles de la primera semana o quincena de marzo,  No quiere decir que no haya gente que se siga contagiando, porque como lo hemos dicho la pandemia no ha concluido. El virus no se ha ido, está aquí entre nosotros, señal.  El ingeniero científico en computación, Ragi Burhum, señaló que ahora se deben aumentar las pruebas moleculares dentro de la estrategia para luchar contra el coronavirus.  Lo que hay que estar mirando ahora son la cantidad de casos positivos. Para tener los casos positivos correctos, se deben utilizar las pruebas rápidas y la cantidad adecuada de pruebas en todas las regiones, indicó.  MESURA. El jefe de Estado también hizo hincapié en el esfuerzo de la población, pero pidió que se debe seguir en guardia con el virus.  Las tres curvas tienen una relación: estamos en una situación de mejora continua, pero no podemos generar ningún triunfalismo porque el virus sigue presente entre nosotros, apuntó.","correo","05/11/2020"
"ACTA DE DISOLUCIÓN Y LIQUIDACIÓN","Conforme al artículo 2° de la Ley General de Sociedades, se menciona que la Junta Gerencial de Acciones de INVERSIONES GUERRERO & KATHIAS SAC. con RUC 20602155924 en sesión de fecha 02.11.2020, se acordó la disolución y término de la sociedad, quedando a cargo de la señora Susan Calderón Huaman con DNI 42498352 la liquidación.","correo","05/11/2020"
"DISTRITOS SIN ARMAS PARA FISCALIZAR, DICE ALCALDE","Esperan partida para control en playas  ...  Comentario: Es importante destacar que los municipios con jurisdicción en las playas de Lima Metropolitana están desarmados para atender las restricciones de acceso a la playa demandadas recientemente por el Ejecutivo, según señaló el alcalde de Lima, Jorge Muñoz.  No es dable que te manden a la guerra sin armamento. Hay municipios que no tienen recursos y que por el flujo de personas que los visitan, necesitan del impulso económico (partida extra del Gobierno), señaló en entrevista televisiva.  A LA ESPERA. En este sentido, Muñoz Wells recaló que dichos municipios aún están a la espera de que el Ejecutivo les transfiera la partida extra, ya que cumplieron con enviar sus propuestas económicas al Ministerio de Economía y Finanzas (MEF).  Muñoz cuestionó que la restricción de acceso dispuesta por el Gobierno se aplique solo los fines de semana. Por lo tanto, entre lunes y jueves, las comunas locales tendrán que fiscalizar la playa con los recursos que puedan y de acuerdo con sus necesidades.  Municipios, Chorrillos, Lima, Barranco, Miraflores y La Punta, podrían requerir más apoyo debido al flujo turístico durante el verano.","correo","05/11/2020"
"TC: ES UN DERECHO DE LA COMUNA DE LIMA PROHIBIR MOTOS POR VIAS EXPRESAS","La prohibición de la circulación de vehículos menores motorizados o no motorizados de dos o tres ruedas, sean de uso público o privado, por las vías expresas del sistema vial metropolitano, dispuesta por la Municipalidad Metropolitana de Lima, no transgrede el derecho constitucional al libre tránsito de las personas.  Así lo indicó el Tribunal Constitucional (TC) al declarar infundada la demanda de inconstitucionalidad interpuesta por más de cinco mil ciudadanos.  Para los magistrados, el municipio puede normar, regular y controlar la circulación de esos vehículos en las vías expresas que integran la Red Metropolitana de Lima.","correo","05/11/2020"
"EDITORIAL?","DECISIONES QUE NOS PASARÁN FACTURA  Entre el ruido político azotan el debate de la moción de vacancia, el Congreso se alista para aprobar la intención de retirar los aportes de la ONP, al cual ha sido cuestionado duramente por la ministra de Economía y muchos analistas, ya que el Legislativo no tiene capacidad de gasto.  Es evidente que echar mano de los fondos públicos sin ningún criterio técnico solo refleja la obsesión de algunos parlamentarios para satisfacer sus aspiraciones políticas.  Leyes del Congreso van a mandar al país por la borda, ha dicho María Antonieta Alva. El proyecto que se pretende aprobar por insistencia es perjudicial. No solo genera problemas hoy sino que afectará a las próximas generaciones.","correo","05/11/2020"
"EL VIEJO REINO, SOLTE LA CASA DIVIDIDA","Vicuxvm (…) Está sucediendo en todo el mundo. Abraham Lincoln, ese gran presidente, dijo una vez en uno de sus discursos más famosos: ‘Una nación no puede resistir permanentemente siendo media esclavista y media emancipada’. No espero que la Unión se disuelva. No espero que la casa se derrumbe, lo que espero es que cese de estar dividida. Un Estado en que coexisten la libertad y la esclavitud no pueden perdurar’.  Lincoln, al hablar de la casa dividida, evocaba el más íntimo cristianismo: ‘toda casa dividida contra sí misma no se sostendrá’. En efecto, la división es la causa de la destrucción nacional. El enfrentamiento canina solo se resuelve con el hundimiento de todo y de todos. Bien haríamos en mirarnos en el espejo de la realidad norteamericana. Si dos facciones se enfrentan sin cuartel, si dos hermanos deciden liquidarse, entonces todo está perdido. Allí donde debe haber unión y concordia, allí donde hay que apelar al diálogo y al entendimiento, cada uno intenta imponer su visión del mundo y cae liquidado por la respuesta del otro. El amor al prójimo no tiene lugar en un escenario dantesco como este, porque todos se esfuerzan en convertir a su país en un campo de batalla.  El radicalismo es estéril. El radicalismo de cualquier signo es peligroso. Las utopías terrenales son diabólicas. Construir en la esfera pública un paraíso bajo el signo de la ideología es el viejo anhelo de la serpiente que divide. Poco se puede esperar de la vida terrenal, pero al menos hemos de luchar por la unidad.","correo","05/11/2020"
"Fiscal de la Nación recibe informe sobre presunto seguimiento a colaborador","La fiscal de la Nación, Zoraida Valos, ya cuenta con el Informe del Equipo Especial Lava Jato sobre el aspirante a colaborador eficaz No 01–2019, quien denunció un seguimiento por parte de una camioneta policial en su vivienda del distrito de Surco.  Fuentes del Equipo Especial señalaron que su coordinador, Rafael Vela Barba, elevó el documento la tarde del último lunes al despacho de Valos.  En el mencionado Informe se invoca a la titular del Ministerio Público que requiera explicaciones al ministro del Interior, Carlos Gallardo, sobre este hecho grave que viene generando temor al referido colaborador, lo cual perturba la investigación en la cual se encuentra sometido. El aspirante a colaborador ha brindado información en la investigación en contra del presidente Martín Vizcarra por el caso Lomas de Ilo.  Sobre el tema, el Ministerio del Interior negó realizar seguimientos a cualquier ciudadano. Indicó que el vehículo en cuestión pertenece a la División de Lavado de Activos de la PNP y no a dicho portafolio.","correo","05/11/2020"
"TC podría resolver demanda competencial en diciembre","Juristas Víctor García Toma y Pedro Grandez sugieren que el concepto de incapacidad moral permanente puede resultar ambiguo en posteriores pedidos de vacancia.  Gabriel Montoya  Los abogados constitucionalesistas Víctor García Toma y Pedro Grandez señalaron que el Tribunal Constitucional debe delimitar –en la resolución que emita sobre la demanda competencial planteada por el Legislativo– el término de incapacidad moral permanente.  La incapacidad moral permanente es un concepto jurídico indeterminado. En este caso, sería importante que el Tribunal Constitucional emita una resolución definiendo parámetros sobre este término, sostuvo García Toma Cueva.  En esa línea, el expresidente del TC indicó que la vacancia por incapacidad moral permanente se puede prestar a interpretaciones subjetivas dado «que la moral es un término subjetivo».  Por su parte, el jurista Pedro Grandez sostuvo que la incapacidad moral permanente es un término que solo admite situaciones flagrantes delictivas y no abarca investigaciones preliminares, en las cuales aún se busca determinar el tipo de delito cometido así como los presuntos autores.  Es importante que el TC, en la sentencia que emita, realice una ponderación estableciendo que así como el presidente puede disolver el Congreso en el último año de Gobierno, este poder del Estado no puede presentar pedidos de vacancia en ese mismo período de tiempo, propuso Grandez.  Especialistas esperan que el TC delimite alcances del término.  1.74  Tiempo. Por su parte, la presidenta del TC, Marianella Ledesma, estimó que en los primeros días de diciembre este organismo tendrá una decisión sobre la demanda competencial presentada por el Ejecutivo en contra del pedido de vacancia presidencial.  Ledesma indicó que el Congreso tiene plazo hasta el próximo 11 de noviembre para que responda sobre la demanda competencial.  La magistrada añadió que la discusión del colegiado se centrará en el concepto de incapacidad moral permanente del mandatario.","correo","05/11/2020"
"Fiscala pide ocho meses más para investigar a Hinostroza","El juez supremo Hugo Núñez Julca evaluará este viernes 6 de noviembre, a las 9 de la mañana, un pedido del Ministerio Público para ampliar por ocho meses más la investigación contra César Hinostroza por el caso Los Cuellos Blancos.  En este proceso también están comprendidos Walter Ríos, expresidente de la Corte Superior del Callao; la excusa Ana Zapata Huerta así como el empresario Salvador Heresi Cortez. A todos ellos se les imputa los delitos de cohecho activo específico, cohecho pasivo específico y tráfico de influencias.","correo","05/11/2020"
"La congresista Carolina Lizarraga solicita formalmente la derogatoria de la autonomía de las fiscales","Mediante el oficio 00162–2020–CLH/CR, la legisladora pidió el estudio y dictamen de las varias iniciativas de reforma constitucional que pretenden crear la Procuraduría General de la República como un órgano constitucional autónomo.  Consideró que recientemente, y en el transcurso de varios años, han ocurrido diversos casos de presiones por parte del Gobierno y renuncias de procuradores.  Carolina Lizarraga pide priorizar creación de procuradurías autónomas.","correo","05/11/2020"
"Del Aguilá: ‘Sería injusto etiquetar a Alfredo Barnechea por un desliz’","Edmundo del Águila, precandidato presidencial de Acción Popular, defendió a Alfredo Barnechea, su adversario en las elecciones internas de dicho partido, por el desliz sobre el valor del salario mínimo durante una entrevista.  Del Águila minimizó el incidente y atribuyó una confusión. Añadió que Barnechea tiene una trayectoria... que lo avala como político y como elector.  En su opinión sería muy injusto etiquetar o masmar a Barnechea por un desliz que pudo haber tenido. Este consistió en decir que el salario mínimo es 5 750 soles (en vez de 930 soles)— lo que podía revelar una escasa familiaridad con los sectores populares.  Al respecto, Barnechea difundió un vídeo en el que trató de explicar que, en términos reales, el salario mínimo vital ascendería a 750 soles.","correo","05/11/2020"
"Guerra García: ‘Estuve equivocado’ sobre Keiko","La lista de candidatos a magistrados del Tribunal Constitucional (TC) aptos se conocerá mañana. As lo aseguró Rolando Ruíz, miembro titular de la comisión especial del Congreso a cargo de tal selección.  Tras el debate sobre la publicación de dicha relación, se propuso discutir la revisión de reclamos de tres postulantes excluidos: Patricia García, Luz Aurea Senz y César Delgado Guembes.  Sin embargo, el secretario del grupo de trabajo manifestó que únicamente existe un documento de protesta que ha llegado a la comisión.  Ruiz añadió que los reclamos sólo se conocen por los medios de comunicación, pero que se necesitan documentos para recogerlos.  Confiesa que sí se ha reconciliado son la yefa del fujimorismo que no era de intercambiar vistas y conocer en persona.  Nuevo jefe de plan de Gobierno de Fuerza Popular, Hernando Guerra García relató en una entrevista que hace seis meses conoció en persona a Keiko Fujimori, la lideresa del fujimorismo, y manifestó que, desde entonces, han cambiado diametralmente las duras opiniones que expresaba acerca de ella y del partido naranja en los últimos años.  Refirió que fue la señora Fujimori quien tomó la iniciativa de contactarlo, de visitarlo en su casa y de ofrecerle la jefatura del plan de gobierno, además del número en la lista parlamentaria.  Bachiller en Derecho por la PUCP y con una maestría en administración de negocios en ESAN, Guerra García es considerado un reconocido capacitador de emprendedores de la pequeña y microempresa.  El ahora candidato a una curul por FP expresó ayer un mensaje de paz y amor, y proclamó que estaba equivocado todo este tiempo.  Lo que vivimos ahora es que el paciente es el Perú, y el paciente necesita que todos los que tuvimos rencillas y odios, los que estuvimos equivocados - porque yo estuve equivocado -, logremos pasar esa página porque el Perú necesita eso, y quien la pasó primero fue Keiko Fujimori, porque ella me llamó a mí, dijo en Canal N.  Explicó así el súbito cambio de su ideario: No la conocía personalmente. Nos hemos estado en mi casa y cuando uno conoce a la gente está dispuesto a pasar la página, refirió.  Dijo que sus antiguas opiniones, particularmente mordaces y de tipo personal, fueron producto de creencias, porque estamos en un mundo en que nos ponen creencias.  Cabe indicar que esta no es su primera experiencia electoral. Para los comicios de 2016 fue precandidato presidencial del Partido Humanista (Yehude Simon). En una semana acept ser candidato presidencial de la alianza Solidaridad Nacional-UPP (Luis Castañeda-José Vega Antonio). La alianza, finalmente, se retiró de la carrera debido a la tendencia negativa en las encuestas.","correo","05/11/2020"
"Presidente muestra cuadros con el descenso de las curvas de exceso de mortalidad, contagios y hospitalizados por coronavirus en los centros de salud","Nano Guerra García dice erradamente que el salario mínimo en Perú es S/849.5, mejor redondeamos a S/850  El presidente de la República, Martín Vizcarra, destacó que la curva de contagios, muertes y hospitalizados por coronavirus en el país ha mostrado un descenso en los últimos meses, de acuerdo con el presidente de la República, Martín Vizcarra.  El mandatario detalló que, en las últimas 10 semanas, el exceso de mortalidad ha disminuido.  Ahora estamos muy similares que al inicio. El exceso ahora es leve. Si seguimos en esta tendencia, vamos a llegar a los niveles que se tenían en los años pasados, agregó en conferencia de prensa.  El mandatario se apoyó de cuadros para exponer las tendencias de las cifras y cómo evolucionó la pandemia del COVID-19, desde marzo, en el Perú.  El virus no se ha ido, está aquí entre nosotros, dijo Vizcarra, quien ha evaluado la evolución de la pandemia del COVID-19, desde marzo, en el Perú.  Asimismo, un aproximado de 4 mil pacientes han sido dados de alta médica en los últimos cinco meses, 25 días se han cumplido de la declaratoria del estado de emergencia por el COVID-19.  Prevenidos  Al hospital ingresan pacientes con síntomas moderados, pero ahora es mayor la cantidad de personas que salen de los nosocomios, comparado con la cantidad que entra, dijo.  De igual forma, dijo que los casos de contagio han bajado al punto de casi igualar los niveles de la primera semana o quincena de marzo.  No quiere decir que no haya riesgo, hay que seguir cuidándonos, usando mascarilla, lavándonos las manos, manteniendo el distanciamiento social, pero si seguimos en esta tendencia, vamos a tener mejores resultados, concluyó.","correo","05/11/2020"
"Selección nacional cumple con entrenamientos","empieza a venir realizando la selección cin &] “:. m o * :l “ngre En la; elección en etrabaja de la rr, 3](“ manera, hay muy buen ambiente. Son panmdos muy duros y estamos esperando a que el grupo se complete. Además, hicimos buenas  presentaciones ante Paraguay y Brasil afín.","correo","05/11/2020"
"Se ponen apunto","Ayer, los seleccionados nacionales cumplieron con su tercer día de entrenamiento a la espera de que los extranjeros puedan sumarse a lastrabajos en La Videna. Esta vez no habrá vuelos Charters alquilados por la FPF para traer a los jugadores. Utilizarán vuelos comerciales y _especiales. Finalmente, Gianluca Lapadula estará llegando al Perú entre do NX No habrá ningún problema, sé va a sentir muy cómodo acá. dijo.","correo","05/11/2020"
"Correo/Deportes","Cristiano Ronaldo reapareció en Champions. Juventus se paseó con el Ferencvros Juventus regres al triunfo en la Champions League. Ayer, los italianos golearon por 4—1 al Ferencvros por la tercera fecha del Grupo G de la Champíons League en un partido que se llevó a cabo en el estadio Puskás Arena, en Hungría. Cristiano Ronaldo jugó todo el partido y aunque no marc, asistió en el segundo tanto de Álvaro Morata, que fue la figura con dos tantos. El delantero español abrió el marcador a los siete  minutos del primer tiempo tras asistencia de Juan Guillermo Cuadrado. Y en la segunda mitad, a los 60, completó su doblete para el 2—0. En el complemento. Paulo Dybala aumentó la cuenta a los 72, y forzó el autogol de Lasha Dvali a los 81. El del descuento llegó con Franck Boli a los 90”.  Con esta victoria. Juventus se ubica segundo delGrupo G, por detrás del Barcelona. Su próximo encuentro será ante Ferencvros, ahora en Budapest, el 24 de noviembre. Por su parte, en el Grupo H, Paris Saint Germain cay ante Leipzig por 2—1, y Manchester United perdió por el mismo resultado (2-1) frente a Istanbul Başakşehir. Asimismo. Lazio, por el Grupo F, Empató con Zenit (1-1), y Borussia Dortmund le gan al Brujas por 0—3 con un doblete del noruego Erling Haaland.","correo","05/11/2020"
"Azulgranas vencieron 2-1 a Dinamo de Kiev y se ubican en la cima del Grupo F de la UEFA Champions League","Barcelona continúa arrollador en la  Champions League. Ayer los azulgranas superaron 2—1  Dinamo de Kiev en la tercera jornada del Grupo C. Los de Ronald Koeman se pusieron en ventaja tras un penal anotado por Lionel Messi a los 5 minutos del  encuentro. El delantero  argentino sumó su cuarto gol de la temporada 2021 con los culs. Todos ellos de penal, cinco si se cuenta el tanto ante Ecuador por las  Eliminatorias con Argentina, que también fue de penal Gerard Piqué anot el segundo de tanto. Clément Lenglet e hizo el 3—0. El del descuento llegó con Viktor Tsygankov (75), tras vencer a Ter Stegen que  voltó luego de 11 partidos. Con este resultado, el  Barcelona llega a 9 puntos y es líder de la Grupo G.","correo","05/11/2020"
"Satisfecho. El técnico del Barça se mostró satisfecho con la participación de su equipo en la Champions","En general, estamos bien. Haber ganado los tres  partidos de Champions es muy positivo. Tenemos que jugar bien y tenemos que mejorar el juego sin balón. dijo  Ronald Koeman. No obstante, reconoci las falencias, y aseguró que este triunfo se debe en gran  medida a Ter Stegen. La suerte ha sido tener a Ter Stegen. Estoy contento, pero no estoy satisfecho con  algunas fases. Hay que mejorar el juego sin balón, agregó. En tanto, el portero alemán mostró su alegría por volver a las canchas. Para mí era muy importante ganar este partido. Tenía  unas ganas de estar.  sentenció el entrenador.","correo","05/11/2020"
"Aménidades","El Horóscopo mensual TAURO (21 DE MAYO—20 DE JUNIO) GÉMINIS (21 DE MAYO—21 DE JUNIO) CÁNCER (22 DE JUNIO—23 DE JULIO) LEO (24 DE JULIO—23 DE AGOSTO) VIRGO (24 DE AGOSTO—23 DE SEPTIEMBRE) LIBRA (24 DE SEPTIEMBRE—22 DE OCTUBRE) ESCORPIÓN (23 DE OCTUBRE—22 DE NOVIEMBRE) SAGITARIO (23 DE NOVIEMBRE—21 DE DICIEMBRE) CAPRICORNIO (22 DE DICIEMBRE—19 DE ENERO) ACUARIO (20 DE ENERO—18 DE FEBRERO) PISCIS (19 DE FEBRERO—20 DE MARZO)","correo","05/11/2020"
"Un día como hoy","En 1959, nació en Kingston, Ontario, Bryan Adams, guitarrista… cantante con compositor, fotógrafo y filántropo. En más de treinta años de carrera ha vendido más de 100 millones de copias de sus álbumes y sencillos.","correo","05/11/2020"
"Psicología en tiempos de pandemia","El psicólogo Javier Echevarra sostiene que esta pandemia ha logrado que más gente se abra a nivel emocional y que está dispuesta a rebuscar ayuda profesional. El psicólogo no da consejos, lo que sabe hacer es entregarte un espejo y acompaña que encuentres tus propios recursos. Con un consejo se genera una dependencia, y eso no es lo que busca un psicólogo. remarca el también actor. Todos, absolutamente todos, necesitamos un acompañamiento emocional. El conductor de ‘Francamente’ por TV Per analiza el impacto de la crisis sanitaria en nuestra sociedad, que ha puesto sobre la mesa la importancia de la salud mental.","correo","05/11/2020"
