"headline";"subheadline";"author";"content";"newspaper";"date";"combined_text";"agreed_topic";"agreed_topic_prob";"agreed_topic_label"
"(01) 7135099 - 0829077773 (Línea Gratuita) o visítanos en www.mazdapé.";"";" ";"";"correo";"2014/12/16";"(01) 7135099 - 0829077773 (Línea Gratuita) o visítanos en www.mazdapé.. .";"-1";"0.345";"Unknown"
"Presidente de la FPF deja el cargo";"Gi niraura electoral ética";"";"Pide suspender a José Antonio García\nMartín Bustamante / Foto: DiarioCorreo\nPresidente de la FPF deja el cargo\nGi niraura electoral ética\nPide suspender a José Antonio García.";"correo";"2014/12/16";"Presidente de la FPF deja el cargo. Gi niraura electoral ética. Pide suspender a José Antonio García\nMartín Bustamante / Foto: DiarioCorreo\nPresidente de la FPF deja el cargo\nGi niraura electoral ética\nPide suspender a José Antonio García.";"-1";"0.3794";"Unknown"
"Exdirectora de la Procuraduría enfrenta reprensión ministerial luego de solicitar información relevante a Odebrecht, evidenciando conflictos éticos gubernamentales.";"";"";"";"correo";"2014/12/16";"Exdirectora de la Procuraduría enfrenta reprensión ministerial luego de solicitar información relevante a Odebrecht, evidenciando conflictos éticos gubernamentales.. .";"0";"1.0";"reunión, productos, investigación, lossio, economía"
"Nacional Deportes";"Deporte";"Correo";"Maxi Nuñez espera optimista. El delantero de Cristal Maximiliano Nuñez no ve las horas de jugar contra Aurich el próximo Play Off por el título. «A seguir trabajando para esperar cuando se decida jugar, ambos equipos tendrá muchas ganas de saltar al campo», dijo el guarango tras su llegada a Lima desde Chiclayo.";"correo";"2014/12/10";"Nacional Deportes. Deporte. Maxi Nuñez espera optimista. El delantero de Cristal Maximiliano Nuñez no ve las horas de jugar contra Aurich el próximo Play Off por el título. «A seguir trabajando para esperar cuando se decida jugar, ambos equipos tendrá muchas ganas de saltar al campo», dijo el guarango tras su llegada a Lima desde Chiclayo.";"1";"1.0";"equipo, es, lima, real, mejor"
"Huelga de trabajadores de EMAPE contra la gestión de Susana Villarán.";"";"Enrique Rodríguez";"Trabajadores de la Empresa Municipal Administradora de Peaje (EMAPE) protestaron durante la mañana de ayer contra la saliente gestión de la alcaldesa de Lima, Susana Villarán. Percy Valverde, secretario general del sindicato, denunció que hace días debieron haber recibido sus remuneraciones de diciembre, pero que a la fecha no se había realizado el depósito.";"correo";"2014/12/25";"Huelga de trabajadores de EMAPE contra la gestión de Susana Villarán.. . Trabajadores de la Empresa Municipal Administradora de Peaje (EMAPE) protestaron durante la mañana de ayer contra la saliente gestión de la alcaldesa de Lima, Susana Villarán. Percy Valverde, secretario general del sindicato, denunció que hace días debieron haber recibido sus remuneraciones de diciembre, pero que a la fecha no se había realizado el depósito.";"0";"0.3175";"reunión, productos, investigación, lossio, economía"
"Real Madrid Campeón del Mundial de Clubes";"";"";"Finalmente el Mundial de Clubes. El Real Madrid cierra este 2014 con un nuevo título al ganar el Mundial de Clubes en Marruecos por primera vez en su historia. Los Blancos derrotaron en la final a San Lorenzo de Argentina por 2-0 con goles de Sergio Ramos y Gareth Bale.";"correo";"2014/12/21";"Real Madrid Campeón del Mundial de Clubes. . Finalmente el Mundial de Clubes. El Real Madrid cierra este 2014 con un nuevo título al ganar el Mundial de Clubes en Marruecos por primera vez en su historia. Los Blancos derrotaron en la final a San Lorenzo de Argentina por 2-0 con goles de Sergio Ramos y Gareth Bale.";"1";"0.8054";"equipo, es, lima, real, mejor"
"Tema del Día";"Exceso y Retribución para Lima";"DiarioCorreo.pe";"Sr.s y señores, según información proporcionada por DiarioCorreo.pe, el último Congreso de la gestión anterior cerró con un presupuesto significativamente menor comparado con el aumento observado bajo la dirección de Freddy Otárola.";"correo";"2014/12/28";"Tema del Día. Exceso y Retribución para Lima. Sr.s y señores, según información proporcionada por DiarioCorreo.pe, el último Congreso de la gestión anterior cerró con un presupuesto significativamente menor comparado con el aumento observado bajo la dirección de Freddy Otárola.";"0";"0.8508";"reunión, productos, investigación, lossio, economía"
"FIFA suspende temporalmente a Franz Beckenbauer por resistirse a cooperar en investigación";"Investigación relacionada con sospechas de sobornos durante selección de Qatar como sede del Mundial 2022.";"NA";"Franz Beckenbauer, exjugador legendario alemán, ha sido objeto de una medida disciplinaria emitida por la FIFA, resultando en una suspensión provisional de 90 días luego de mostrar reticencia hacia la colaboración requerida en las investigaciones vinculadas a potencial malversación ocurrida durante el proceso electoral que designó a Qatar como país organizador del Mundial 2022.";"correo";"2014/12/16";"FIFA suspende temporalmente a Franz Beckenbauer por resistirse a cooperar en investigación. Investigación relacionada con sospechas de sobornos durante selección de Qatar como sede del Mundial 2022.. Franz Beckenbauer, exjugador legendario alemán, ha sido objeto de una medida disciplinaria emitida por la FIFA, resultando en una suspensión provisional de 90 días luego de mostrar reticencia hacia la colaboración requerida en las investigaciones vinculadas a potencial malversación ocurrida durante el proceso electoral que designó a Qatar como país organizador del Mundial 2022.";"-1";"0.2783";"Unknown"
"Celebración cultural revive tradiciones locales";"Evento congrega artistas regionales";"Marisol Pérez";"Este año, la celebración cultural local alcanzó nuevos niveles gracias a la inclusión de diversas artesanías y música autóctona. Artistas provenientes de distintas partes del país compartieron sus talentos, revitalizando así nuestras raíces culturales.";"correo";"2014/12/15";"Celebración cultural revive tradiciones locales. Evento congrega artistas regionales. Este año, la celebración cultural local alcanzó nuevos niveles gracias a la inclusión de diversas artesanías y música autóctona. Artistas provenientes de distintas partes del país compartieron sus talentos, revitalizando así nuestras raíces culturales.";"-1";"0.3121";"Unknown"
"Alejandro Domínguez Va a Ecuador. El Volante Argentino Alejandro Dominguez va a dirigir al Barcelona de Guayaquil en la próxima Temporada. Luego de Siete Años y Medio de su Ausencia del Atlético, el Centrocampista podría retornar a vestirse de Rojo.";"";"";"";"correo";"2014/12/25";"Alejandro Domínguez Va a Ecuador. El Volante Argentino Alejandro Dominguez va a dirigir al Barcelona de Guayaquil en la próxima Temporada. Luego de Siete Años y Medio de su Ausencia del Atlético, el Centrocampista podría retornar a vestirse de Rojo.. .";"1";"1.0";"equipo, es, lima, real, mejor"
"";"";"";"";"correo";"2014/12/03";". .";"-1";"0.0918";"Unknown"
"WENTAS CORPORATIVAS: Mazda presenta descuentos significativos en modelos selectos.";"";"";"";"correo";"2014/12/16";"WENTAS CORPORATIVAS: Mazda presenta descuentos significativos en modelos selectos.. .";"3";"1.0";"información, corporativas, distribución, mercado, descuentos"
"Evaluación post-electorales muestra resultados cercanos al 100%";"Resultados cerrados en áreas clave después de la segunda vuelta";"Julio Cabrejos";"Finalmente, la Oficina Nacional de Procesos Electorales (ONPE) brinda los resultados casi al 100% en algunas regiones donde se desarrolló la segunda vuelta electoral. Confirmándose el triunfo de varios candidatos controversiales como Waldo Ríos en Áncash, quién al cierre de esta edición, al 98.15% de actas contabilizadas, obtuvo el 65.43% de respaldo.";"correo";"2014/12/09";"Evaluación post-electorales muestra resultados cercanos al 100%. Resultados cerrados en áreas clave después de la segunda vuelta. Finalmente, la Oficina Nacional de Procesos Electorales (ONPE) brinda los resultados casi al 100% en algunas regiones donde se desarrolló la segunda vuelta electoral. Confirmándose el triunfo de varios candidatos controversiales como Waldo Ríos en Áncash, quién al cierre de esta edición, al 98.15% de actas contabilizadas, obtuvo el 65.43% de respaldo.";"-1";"0.2636";"Unknown"
"Cumpleaños del Cabecilla de Sendero Luminoso (SL), Abimael Guzmán.";"";"La Señora María";"Por eso, un grupo de SL lanzó, desde algún lugar del aire global donde destacó CENTODECIDÉS ‘Estamos frente al trabajo de un preso, el cual muestra que a pesar de estar en las peores condiciones, persiste en su afán de superarse’, explica la supuesta guía.";"correo";"2014/12/25";"Cumpleaños del Cabecilla de Sendero Luminoso (SL), Abimael Guzmán.. . Por eso, un grupo de SL lanzó, desde algún lugar del aire global donde destacó CENTODECIDÉS ‘Estamos frente al trabajo de un preso, el cual muestra que a pesar de estar en las peores condiciones, persiste en su afán de superarse’, explica la supuesta guía.";"0";"0.4751";"reunión, productos, investigación, lossio, economía"
"Real Madrid arranca en el Mundial de Clubes en Marruecos";"Champions League.";"SPORT";"Donde empezará mañana el campeonato. Real Madrid arribó ayer a Marruecos, antes de su participación en el Mundial de Clubes, en el que enfrentará al Cruz Azul. A pesar de que James Rodríguez y Sami Khedira están lesionados, el técnico Carlo Ancelotti decidió incluirlos en la delegación con la esperanza de que puedan recuperarse para el encuentro contra los aztecas. Rodríguez ha superado la lesión que tenía en el gemelo derecho, progresión que le ha permitido volver a realizar ejercicios físicos junto al resto del grupo.";"correo";"2014/12/15";"Real Madrid arranca en el Mundial de Clubes en Marruecos. Champions League.. Donde empezará mañana el campeonato. Real Madrid arribó ayer a Marruecos, antes de su participación en el Mundial de Clubes, en el que enfrentará al Cruz Azul. A pesar de que James Rodríguez y Sami Khedira están lesionados, el técnico Carlo Ancelotti decidió incluirlos en la delegación con la esperanza de que puedan recuperarse para el encuentro contra los aztecas. Rodríguez ha superado la lesión que tenía en el gemelo derecho, progresión que le ha permitido volver a realizar ejercicios físicos junto al resto del grupo.";"1";"0.8634";"equipo, es, lima, real, mejor"
"Fpf Le Ha Dado Un Ultimatium a Universidad";"Universitario podría no jugar el próximo año el Descentralizado";"";"Desde la Videna, donde Manuel Burga se juega sus descuentos en el sillón presidencial, enviaron un último término a Universitario para que el administrador temporal Fernando Bravo de Rueda y su gerente administrativo, Raúl Rosales, rinda cuentas a la Federación Peruana de Futbol de la situación concursal de la institución.";"correo";"2014/12/21";"Fpf Le Ha Dado Un Ultimatium a Universidad. Universitario podría no jugar el próximo año el Descentralizado. Desde la Videna, donde Manuel Burga se juega sus descuentos en el sillón presidencial, enviaron un último término a Universitario para que el administrador temporal Fernando Bravo de Rueda y su gerente administrativo, Raúl Rosales, rinda cuentas a la Federación Peruana de Futbol de la situación concursal de la institución.";"1";"0.7335";"equipo, es, lima, real, mejor"
"Banco Mundial advierte riesgos económicos globales";"Informe señala amenaza de crisis mundial";"Carlos García";"Según reportó el Banco Mundial, hay signos alarmantes que anticipan potenciales problemas financieros internacionales. Las economías emergentes enfrentan retos específicos que pueden intensificar estos riesgos.";"correo";"2014/12/15";"Banco Mundial advierte riesgos económicos globales. Informe señala amenaza de crisis mundial. Según reportó el Banco Mundial, hay signos alarmantes que anticipan potenciales problemas financieros internacionales. Las economías emergentes enfrentan retos específicos que pueden intensificar estos riesgos.";"-1";"0.2411";"Unknown"
"";"";"Juan Aquino Reyna,""Finalmente, dijo: «Está mal que algunos medios por ganar la nota o primicia pongan cosas que no son, a mi hijo ya lo daban por ‘muerto’. ¿Acaso no tienen criterio?, Mi familia se ha sentido mal por todo lo que se dijo». """;"";"correo";"2014/12/10";". .";"-1";"0.0919";"Unknown"
"Tema del Día";"";"DiarioCorreo";"Enlace entre ministros y fiscales genera controversia. Reunión secreta reveló detalles comprometedores.";"correo";"2014/12/04";"Tema del Día. . Enlace entre ministros y fiscales genera controversia. Reunión secreta reveló detalles comprometedores.";"0";"1.0";"reunión, productos, investigación, lossio, economía"
"Manuel Neuer Promesa. Arquero del Bayern Munich, Manolo Neuer, Asegura Que Nunca Piensa Abandonar la Selección Alemana Mientras Sea el Primer Portero en el Puesto. Además, Manifestó Orgulloso de Estar Nombrado Candidato al Balón de Oro. Acerca del Trofeo al Mejor Jugador, Neuer Indicó: ‘Es un Honor para mí Estar Dentro de los Finalistas al Balón de Oro. Solamente con la Candidatura Soy Honrado’. Evolución Musical Correspondiente. No Seas Prejuicioso. Pensar en Tiempo Anticipado.,";"";"";"";"correo";"2014/12/25";"Manuel Neuer Promesa. Arquero del Bayern Munich, Manolo Neuer, Asegura Que Nunca Piensa Abandonar la Selección Alemana Mientras Sea el Primer Portero en el Puesto. Además, Manifestó Orgulloso de Estar Nombrado Candidato al Balón de Oro. Acerca del Trofeo al Mejor Jugador, Neuer Indicó: ‘Es un Honor para mí Estar Dentro de los Finalistas al Balón de Oro. Solamente con la Candidatura Soy Honrado’. Evolución Musical Correspondiente. No Seas Prejuicioso. Pensar en Tiempo Anticipado.,. .";"1";"1.0";"equipo, es, lima, real, mejor"
"Bianca Botto mejora posición en rankings internacionales de tenis";"Logró ubicarse en el puesto número 213 globalmente.";"'Fueron días difíciles', ""Con gran dedicación y perseverancia, la tenista nacional Bianca Botto ha ascendido hasta ocupar el puesto 213 en el ranking internacional de tenis femenino, asegurándole así la oportunidad de competir en la fase previa del próximo Abierto de Australia.""";"";"correo";"2014/12/16";"Bianca Botto mejora posición en rankings internacionales de tenis. Logró ubicarse en el puesto número 213 globalmente..";"-1";"0.3655";"Unknown"
"AUSENCIA. El gerente general de la Asociación Deportiva de Fútbol Profesional, Enrique de La Rosa, fue el único dirigente de esta institución que se encargó de buscar una solución en Lima y Trujillo. El titular de la ADFP, Julio Pastor, estaba en Asunción para asistir al sorteo de la Copa Libertadores 2015, lo mismo sucedía con el mandamás de la FPF, Manuel Burga, quien también se encontraba en Paraguay como integrante de la copila de la Confederación Sudamericana de Fútbol. Enrique de La Rosa trató de negociar con Gentille para que el cotejo se jugase de todas formas en Trujillo. Incluso le solicitó mover 200 efectivos de Chiclayo a Trujillo y otro número similar desde Cajamarca, pero el alto mando jallano no accedió al requerimiento del dirigente. Al parecer, la orden de no autorizar la realización del encuentro venía desde el despacho del ministro del Interior, Daniel Urresti, quien ha preferido abocarse a la COP20 en Lima y a los Bolivarianos en Trujillo antes que preocuparse en dar resguardo a los partidos del fútbol local.";"";"";"";"correo";"2014/12/03";"AUSENCIA. El gerente general de la Asociación Deportiva de Fútbol Profesional, Enrique de La Rosa, fue el único dirigente de esta institución que se encargó de buscar una solución en Lima y Trujillo. El titular de la ADFP, Julio Pastor, estaba en Asunción para asistir al sorteo de la Copa Libertadores 2015, lo mismo sucedía con el mandamás de la FPF, Manuel Burga, quien también se encontraba en Paraguay como integrante de la copila de la Confederación Sudamericana de Fútbol. Enrique de La Rosa trató de negociar con Gentille para que el cotejo se jugase de todas formas en Trujillo. Incluso le solicitó mover 200 efectivos de Chiclayo a Trujillo y otro número similar desde Cajamarca, pero el alto mando jallano no accedió al requerimiento del dirigente. Al parecer, la orden de no autorizar la realización del encuentro venía desde el despacho del ministro del Interior, Daniel Urresti, quien ha preferido abocarse a la COP20 en Lima y a los Bolivarianos en Trujillo antes que preocuparse en dar resguardo a los partidos del fútbol local.. .";"1";"0.7242";"equipo, es, lima, real, mejor"
"Días de cárcel";"";"Remulo León";"León relató experiencias difíciles durante su estadía en prisión, mencionando cómo algunos compañeros mantenían ánimos mediante actividades culturales.";"correo";"2014/12/25";"Días de cárcel. . León relató experiencias difíciles durante su estadía en prisión, mencionando cómo algunos compañeros mantenían ánimos mediante actividades culturales.";"-1";"0.1735";"Unknown"
"Una universitaria decide mudarse sola después años conviviendo bajo la tutela restrictiva de sus padres. Pronto experimentará eventos inexplicables similares a aquellos reportados por residentes previos.";"";"";"Dirige: Rainer Matsushita. Actúan: Jennifer Ulrich, Julia Dietze, André Hammann. Género: Horror.";"correo";"2014/12/04";"Una universitaria decide mudarse sola después años conviviendo bajo la tutela restrictiva de sus padres. Pronto experimentará eventos inexplicables similares a aquellos reportados por residentes previos.. . Dirige: Rainer Matsushita. Actúan: Jennifer Ulrich, Julia Dietze, André Hammann. Género: Horror.";"-1";"0.2277";"Unknown"
"'Yunta', un innovador programa dirigido a niños en situación de vulnerabilidad, trabaja para fortalecer habilidades socio-emocionales mediante mentorización profesional.";"";"";"";"correo";"2014/12/16";"'Yunta', un innovador programa dirigido a niños en situación de vulnerabilidad, trabaja para fortalecer habilidades socio-emocionales mediante mentorización profesional.. .";"-1";"0.367";"Unknown"
"Primera Dama deberá testificar ante la CNJ según exprocuradores";"Opinión de Christian Salas y Yeni Vilcatoma";"DiarioCorreo";"Christian Salas y Yeni Vilcatoma coinciden en que la primera dama, Nadine Heredia, debe comparecer ante la comisión del Congreso que indaga sobre Martín Belaunde Lossio. Ambos destacan la necesidad de su declaración dado el vínculo familiar de Heredia con el prófugo empresario.";"correo";"2014/12/15";"Primera Dama deberá testificar ante la CNJ según exprocuradores. Opinión de Christian Salas y Yeni Vilcatoma. Christian Salas y Yeni Vilcatoma coinciden en que la primera dama, Nadine Heredia, debe comparecer ante la comisión del Congreso que indaga sobre Martín Belaunde Lossio. Ambos destacan la necesidad de su declaración dado el vínculo familiar de Heredia con el prófugo empresario.";"0";"1.0";"reunión, productos, investigación, lossio, economía"
"Manchester United golea 3-0 a Liverpool de Balotelli";"Inglatera.";"";"Anótaron Goles de Rooney, Máta y Van Persie. Manchester United sigue en la pelea por acercarse a la punta de la Liga Premier. Ayer superó 3-0 a Liverpool, en el que Mario Balotelli volvió a decepcionar. Wayne Rooney (12'), Juan Mata (40') y Robin van Persie (71') anotaron para el Manchester. El ecuatoriano Antonio Valencia fue una de las figuras del cuadro ganador. Así, el equipo dirigido por Louis van Gaal logra su sexta victoria consecutiva y suma 31 puntos, para ubicarse a 8 del líder Chelsea, que ayer derrotó 2-0 al Hull City. Por otro lado, Liverpool ocupa el noveno lugar de la tabla con 21 unidades.";"correo";"2014/12/15";"Manchester United golea 3-0 a Liverpool de Balotelli. Inglatera.. Anótaron Goles de Rooney, Máta y Van Persie. Manchester United sigue en la pelea por acercarse a la punta de la Liga Premier. Ayer superó 3-0 a Liverpool, en el que Mario Balotelli volvió a decepcionar. Wayne Rooney (12'), Juan Mata (40') y Robin van Persie (71') anotaron para el Manchester. El ecuatoriano Antonio Valencia fue una de las figuras del cuadro ganador. Así, el equipo dirigido por Louis van Gaal logra su sexta victoria consecutiva y suma 31 puntos, para ubicarse a 8 del líder Chelsea, que ayer derrotó 2-0 al Hull City. Por otro lado, Liverpool ocupa el noveno lugar de la tabla con 21 unidades.";"1";"1.0";"equipo, es, lima, real, mejor"
"Susan Cubá Definió su Renovación";"Costa y Magúez siguen en Alianza por todo el 2015";"";"Tras una semana de incertidumbre, Susan Cubá, administradora permanente de Alianza Lima, confirmó la renovación de contratos de los uruguayos Gabriel Costa y Pablo Magúez, quienes seguirán en el cuadro blanquiazul por todo el 2015.";"correo";"2014/12/21";"Susan Cubá Definió su Renovación. Costa y Magúez siguen en Alianza por todo el 2015. Tras una semana de incertidumbre, Susan Cubá, administradora permanente de Alianza Lima, confirmó la renovación de contratos de los uruguayos Gabriel Costa y Pablo Magúez, quienes seguirán en el cuadro blanquiazul por todo el 2015.";"1";"0.65";"equipo, es, lima, real, mejor"
"";"";"";"";"correo";"2014/12/03";". .";"-1";"0.0915";"Unknown"
"Sincericidio";"";"Abogado Juan Fitx Camino Alfaro";"Katiuska del Castillo está decepcionada después de enterarse de la decisión judicial adversa y contempla opciones legales futuras según indica su abogado.";"correo";"2014/12/25";"Sincericidio. . Katiuska del Castillo está decepcionada después de enterarse de la decisión judicial adversa y contempla opciones legales futuras según indica su abogado.";"0";"1.0";"reunión, productos, investigación, lossio, economía"
"Autorización de Portabilidad Numérica Vigente";"";"";"Por otra parte, también precisó que Claro perdió 56,092 líneas, mientras que Movistar registró 53,095. La portabilidad numérica móvil está vigente desde el 16 de julio y lleva registradas 121,137 líneas.";"correo";"2014/12/09";"Autorización de Portabilidad Numérica Vigente. . Por otra parte, también precisó que Claro perdió 56,092 líneas, mientras que Movistar registró 53,095. La portabilidad numérica móvil está vigente desde el 16 de julio y lleva registradas 121,137 líneas.";"-1";"0.3489";"Unknown"
"";"";"John Contreras, Padre de Joao Contreras,""Por su parte, John Contreras, padre del mencionado jugador, habló con Co Loayza es auxiliado por sus colegas. En el partido de ida Fuerza Minera hubiese ganado 6-3 y ahora los minutos restantes tendrán que reprogramarse, Reyero y afirmó que gracias a Dios su hijo estaba fuera de peligro, pero que habían pasado un gran susto. “Llamé primero a la presidenta del equipo, ella me dijo que los doctores no salían y que no les podía dar información. Luego ví en los medios de comunicación que daban por muerto a mi hijo, pensé lo peor, estaba destrozado”, enfatizó el padre muy traumatizado por todo lo sucedido. Momentos después expresó que se sentí alegre cuando habló con su hijo Joao. «Hablé con él, está un poco nervioso por todo lo que paso. Me dijo que estaba tranquilo, que le quemaban las piernas por el impacto. Hoy (ayer) estoy viajando para allá para estar a su lado», lamentó el progenitor.”";"";"correo";"2014/12/10";". .";"-1";"0.0912";"Unknown"
"Un terapeuta, casado con una mujer sobre protectora, con un hijo en rehabilitación y una hija saliendo del psiquiátrico, trata pacientes mientras enfrenta sus propios demonios personales.";"";"";"Dirigen: David Cronenberg. Actúan: Julianne Moore, Mia Wasikowska, Robert Pattinson, John Cusack, etc. Género: Drama.";"correo";"2014/12/04";"Un terapeuta, casado con una mujer sobre protectora, con un hijo en rehabilitación y una hija saliendo del psiquiátrico, trata pacientes mientras enfrenta sus propios demonios personales.. . Dirigen: David Cronenberg. Actúan: Julianne Moore, Mia Wasikowska, Robert Pattinson, John Cusack, etc. Género: Drama.";"-1";"0.2325";"Unknown"
"Lionel Messi aún considerado el mejor futbolista según análisis reciente";"Análisis comparativo entre Barcelona y Borussia Dortmund";"George Forsyth niega conflictos con Leao Butrán";"Se discute ampliamente quién podría seguir ostentando el título del mejor futbolista actualmente, mientras tanto, el portero George Forsyth aclara cualquier rumor existente respecto a supuestas tensiones con el flamante incorporación de Alianza, Leão Butran.";"correo";"2014/12/16";"Lionel Messi aún considerado el mejor futbolista según análisis reciente. Análisis comparativo entre Barcelona y Borussia Dortmund. Se discute ampliamente quién podría seguir ostentando el título del mejor futbolista actualmente, mientras tanto, el portero George Forsyth aclara cualquier rumor existente respecto a supuestas tensiones con el flamante incorporación de Alianza, Leão Butran.";"1";"1.0";"equipo, es, lima, real, mejor"
"Haber Localizados los Orígenes de los Maldini en Italia";"";"";"Para esto se necesita mucho capital. Queremos localizar los orígenes de los Maldini en Italia, Ítalo en Roma, y comparar con los orígenes de la otra milla (los González) en Ayacucho.";"correo";"2014/12/21";"Haber Localizados los Orígenes de los Maldini en Italia. . Para esto se necesita mucho capital. Queremos localizar los orígenes de los Maldini en Italia, Ítalo en Roma, y comparar con los orígenes de la otra milla (los González) en Ayacucho.";"1";"0.8509";"equipo, es, lima, real, mejor"
"Programa Social Promoviendo Capacidades Sociales y Productividad";"";"Andrea Alba Directora Ejecutiva Yunta";"";"correo";"2014/12/16";"Programa Social Promoviendo Capacidades Sociales y Productividad. .";"3";"1.0";"información, corporativas, distribución, mercado, descuentos"
"Gobierno central versus control legislativo";"";"DiarioCorreo.pe";"Los detalles específicos de cómo estas asignaciones afectaron la percepción pública respecto al manejo económico del Congreso están documentados en el sitio electrónico del Congreso, destacándose preocupaciones sobre el crecimiento indebido de la burocracia y el impacto en la imagen del órgano legislativo.";"correo";"2014/12/28";"Gobierno central versus control legislativo. . Los detalles específicos de cómo estas asignaciones afectaron la percepción pública respecto al manejo económico del Congreso están documentados en el sitio electrónico del Congreso, destacándose preocupaciones sobre el crecimiento indebido de la burocracia y el impacto en la imagen del órgano legislativo.";"0";"0.6911";"reunión, productos, investigación, lossio, economía"
"Banca por celular será masiva próximamente";"";"Carlos Díaz";"El año 2015 será el punto de partida para la expansión de las operaciones por celular del Banco de la Nación (BN). lo que permitirá ampliar el alcance de la institución a zonas rurales ubicadas en provincias, señaló su presidente, Carlos Díaz.";"correo";"2014/12/09";"Banca por celular será masiva próximamente. . El año 2015 será el punto de partida para la expansión de las operaciones por celular del Banco de la Nación (BN). lo que permitirá ampliar el alcance de la institución a zonas rurales ubicadas en provincias, señaló su presidente, Carlos Díaz.";"-1";"0.3237";"Unknown"
"Tensa espera, al caer la noche recibieron la visita de sus compañeros de equipo, de dirigentes y amigos.";"";"Na";"En Lima, la familia de Joao Contreras sufrió un río y un drama, pues los medios de prensa pusieron en su cuenta oficial de Twitter que el jugador de Sport Huánuco había fallecido, incluso en su cuenta oficial de Facebook el cuadro huachano contaba con ‘la muerte’ de Contreras, pero luego el club desmintió tal información.";"correo";"2014/12/10";"Tensa espera, al caer la noche recibieron la visita de sus compañeros de equipo, de dirigentes y amigos.. . En Lima, la familia de Joao Contreras sufrió un río y un drama, pues los medios de prensa pusieron en su cuenta oficial de Twitter que el jugador de Sport Huánuco había fallecido, incluso en su cuenta oficial de Facebook el cuadro huachano contaba con ‘la muerte’ de Contreras, pero luego el club desmintió tal información.";"1";"0.7119";"equipo, es, lima, real, mejor"
"Noche sin Paz";"";"DiarioCorreo";"Exponentes políticos destacados como Gregorio Santos, Klever Meléndez y César Álvarez experimentaron restricciones severas incluso durante festivas ocasiones mientras están bajo custodia judicial.";"correo";"2014/12/25";"Noche sin Paz. . Exponentes políticos destacados como Gregorio Santos, Klever Meléndez y César Álvarez experimentaron restricciones severas incluso durante festivas ocasiones mientras están bajo custodia judicial.";"-1";"0.1899";"Unknown"
"Gestión Eficiente de Residuos Clave para Salud Pública";"Inversiones Proyectadas Mejoran Situación Actual";"Movimiento para el Desarrollo Regional";"Una propuesta futura podría implicar inversiones considerables hacia sistemas modernos de gestión de residuos, crucial para mantener estándares mínimos de salubridad pública.";"correo";"2014/12/15";"Gestión Eficiente de Residuos Clave para Salud Pública. Inversiones Proyectadas Mejoran Situación Actual. Una propuesta futura podría implicar inversiones considerables hacia sistemas modernos de gestión de residuos, crucial para mantener estándares mínimos de salubridad pública.";"-1";"0.2523";"Unknown"
"Eugenia, el esposo de Laura, desaparece, y ella inicia su búsqueda junto a Santiago, amigo y socio de Eugenio. Sin embargo, se dan cuenta de que quizás no deberían buscarlo.";"";"";"Dirige: Daniel Burman. Actúan: Guillermo Francella, Inés Estévez, etc. Género: Comedia.";"correo";"2014/12/04";"Eugenia, el esposo de Laura, desaparece, y ella inicia su búsqueda junto a Santiago, amigo y socio de Eugenio. Sin embargo, se dan cuenta de que quizás no deberían buscarlo.. . Dirige: Daniel Burman. Actúan: Guillermo Francella, Inés Estévez, etc. Género: Comedia.";"-1";"0.1967";"Unknown"
"Fernando Torres Podrá Retornar al Atlético Retorno. Atlético de Madrid Negociando Llegada del Joven Atacante Español Fernando Torres. El Fichaje del Jugador Podría Darse si Torres Acepta las Económicas del Club Colocho. Posterior a Siete Años y Medio de Suspenso de su Salida del Atlético, el Atacante Fernando Torres Podría Volverse a Sentar en el Campo del Estadio Vicente Calderón.,";"";"";"";"correo";"2014/12/25";"Fernando Torres Podrá Retornar al Atlético Retorno. Atlético de Madrid Negociando Llegada del Joven Atacante Español Fernando Torres. El Fichaje del Jugador Podría Darse si Torres Acepta las Económicas del Club Colocho. Posterior a Siete Años y Medio de Suspenso de su Salida del Atlético, el Atacante Fernando Torres Podría Volverse a Sentar en el Campo del Estadio Vicente Calderón.,. .";"1";"0.9515";"equipo, es, lima, real, mejor"
"Cristal preparándose intensamente antes del encuentro frente a Juan Aurich";"Roberto Mosquera expresa preocupación por el rendimiento del equipo";"'Por'; 'José del Solar', Director Deportivo";"Tras el empate agónico conseguido por Juan Aurich contra Cristal, el técnico Roberto Mosquera manifiesta su inconformidad con el resultado debido a la forma irregular en cómo se disputó ese crucial duelo. Además, señala la necesidad urgente de cambio de actitud dentro del conjunto blanquinegro.";"correo";"2014/12/16";"Cristal preparándose intensamente antes del encuentro frente a Juan Aurich. Roberto Mosquera expresa preocupación por el rendimiento del equipo. Tras el empate agónico conseguido por Juan Aurich contra Cristal, el técnico Roberto Mosquera manifiesta su inconformidad con el resultado debido a la forma irregular en cómo se disputó ese crucial duelo. Además, señala la necesidad urgente de cambio de actitud dentro del conjunto blanquinegro.";"1";"1.0";"equipo, es, lima, real, mejor"
"Movimientos en telecomunicaciones destacan aumento de líneas móviles";"";"";"Telecomunicaciones (Osipet. La mayor cantidad de captación de nuevas líneas tuvo la operadora Entel Perú, con 64,412 portaciones, seguida de Claro (28,970) y Movistar (25,357). En tanto que Bitel se halló última con 2,388 líneas captadas.";"correo";"2014/12/09";"Movimientos en telecomunicaciones destacan aumento de líneas móviles. . Telecomunicaciones (Osipet. La mayor cantidad de captación de nuevas líneas tuvo la operadora Entel Perú, con 64,412 portaciones, seguida de Claro (28,970) y Movistar (25,357). En tanto que Bitel se halló última con 2,388 líneas captadas.";"-1";"0.381";"Unknown"
"Suicide Squad es un equipo de anti-héroes formado por villanos encarcelados que trabajan para el Gobierno de EE.UU.";"";"NA";"En misiones de alto riesgo a cambio de conmutar parte de sus condenas.";"correo";"2014/12/04";"Suicide Squad es un equipo de anti-héroes formado por villanos encarcelados que trabajan para el Gobierno de EE.UU.. . En misiones de alto riesgo a cambio de conmutar parte de sus condenas.";"-1";"0.1454";"Unknown"
"";"";"";"";"correo";"2014/12/03";". .";"-1";"0.0911";"Unknown"
"Según estudio, sólo el 2% de la población accede regularmente a agua limpia, siendo necesario mejorar sistemas locales de distribución.";"";"";"";"correo";"2014/12/16";"Según estudio, sólo el 2% de la población accede regularmente a agua limpia, siendo necesario mejorar sistemas locales de distribución.. .";"-1";"0.3254";"Unknown"
"Cambio histórico en política exterior";"Obama critica el aislamiento económico";"";"Barack Obama criticó duramente el aislamiento aplicado a través del embargo económico, marcándose como ineffectivo según él. Durante días posteriores surgieron diversas especulaciones y expectativas frente a este evento significativo.";"correo";"2014/12/21";"Cambio histórico en política exterior. Obama critica el aislamiento económico. Barack Obama criticó duramente el aislamiento aplicado a través del embargo económico, marcándose como ineffectivo según él. Durante días posteriores surgieron diversas especulaciones y expectativas frente a este evento significativo.";"-1";"0.1905";"Unknown"
"Papel Decisorio de Autoridades Locales en Gestión de Residuos";"Recomendaciones Futuras Necesarias";"José Luis Nuñez Zevallos";"Es imperativo mejorar la coordinación entre municipios para garantizar servicios básicos de saneamiento y mitigar riesgos ambientales.";"correo";"2014/12/15";"Papel Decisorio de Autoridades Locales en Gestión de Residuos. Recomendaciones Futuras Necesarias. Es imperativo mejorar la coordinación entre municipios para garantizar servicios básicos de saneamiento y mitigar riesgos ambientales.";"-1";"0.2598";"Unknown"
"";"";"Juan Aquino Reyna,""Conmoción general tras el fortuito accidente. Quedó preocupado el árbitro del partido entre Sport Huánuco y Fuerza Minera, Yovani Quevedo, confirma situación estable de los jugadores y el juez asistente alcanzadas por el impacto del rayo, así como la suspensión del encuentro, «Lo único que puedo decir es que los jugadores (Contreras y Rojas) y el árbitro (Loayza) están bien. El partido ha sido suspendido, no podemos entrar en mucho detalle» añadió."" ";"";"correo";"2014/12/10";". .";"-1";"0.0912";"Unknown"
"Dominación política y financiamientos especiales";"";"Ana María Solís";"Como resultado de decisiones políticas controversiales tomadas por la entonces presidenta del Congreso, Ana María Solís, se aprobaron asignaciones financieras excepcionales para los diputados, incluyendo un bono especial navideño valorado en más de seis millones de soles.";"correo";"2014/12/28";"Dominación política y financiamientos especiales. . Como resultado de decisiones políticas controversiales tomadas por la entonces presidenta del Congreso, Ana María Solís, se aprobaron asignaciones financieras excepcionales para los diputados, incluyendo un bono especial navideño valorado en más de seis millones de soles.";"-1";"0.1184";"Unknown"
"Feria comercial suspende servicios de agua temporalmente.";"SEDAPAL informa suspensiones en distintas localidades.";" NA";" ""Durante trabajos de mantenimiento, se suspenderán servicios de agua en diversas zonas de Lima Metropolitana.""";"correo";"2014/12/09";"Feria comercial suspende servicios de agua temporalmente.. SEDAPAL informa suspensiones en distintas localidades..  ""Durante trabajos de mantenimiento, se suspenderán servicios de agua en diversas zonas de Lima Metropolitana.""";"-1";"0.2398";"Unknown"
"'José Mourinho Deseó una Feliz Navidad a los Hijos del Fútbol y del Chelsea.';,";"";"";"";"correo";"2014/12/25";"'José Mourinho Deseó una Feliz Navidad a los Hijos del Fútbol y del Chelsea.';,. .";"1";"0.6461";"equipo, es, lima, real, mejor"
"Volante William Mimbela está cerca de firmar con Universitario";"NA";"NA";"Después de rescindir contrato con el club CD Nacional de la Primera División de Portugal, el volante William Mimbela está muy cerca de llegar a un acuerdo con Universitario, equipo en el cual actuó en las divisiones menores.";"correo";"2014/12/16";"Volante William Mimbela está cerca de firmar con Universitario. Después de rescindir contrato con el club CD Nacional de la Primera División de Portugal, el volante William Mimbela está muy cerca de llegar a un acuerdo con Universitario, equipo en el cual actuó en las divisiones menores.";"1";"1.0";"equipo, es, lima, real, mejor"
"Así es la vida.";"'Quienes gozan de Autoridad,' pasaron una Navidad rodeados por los barrotes de prisión.";"Ana Lescano, Damián Retamozo";"Expresidentes regionales, exalcaldes y otros poderosos empresarios que fueron privados de su libertad en 2014 enfrentaron una difícil Navidad detrás de rejas debido a diversos delitos.";"correo";"2014/12/25";"Así es la vida.. 'Quienes gozan de Autoridad,' pasaron una Navidad rodeados por los barrotes de prisión.. Expresidentes regionales, exalcaldes y otros poderosos empresarios que fueron privados de su libertad en 2014 enfrentaron una difícil Navidad detrás de rejas debido a diversos delitos.";"-1";"0.1658";"Unknown"
"Agricultura local";"Innovadoras técnicas agrícolas destacadas.";"";"Visita sorpresiva muestra avances tecnológicos en producción rural, impactando potencialmente economías locales.""";"correo";"2014/12/04";"Agricultura local. Innovadoras técnicas agrícolas destacadas.. Visita sorpresiva muestra avances tecnológicos en producción rural, impactando potencialmente economías locales.""";"-1";"0.3157";"Unknown"
"Diferentes perspectivas después del anuncio conjunto";"";"FOTÓGRAFO: EFE";"Raúl Castro señala que seguirán múltiples diferencias. 'Reiteramos nuestra posición al dialogo respetuoso y reciproco...' Además menciona que continúa el ‘bloqueo’ estadounidense impositivo a la Isla desde 1962.";"correo";"2014/12/21";"Diferentes perspectivas después del anuncio conjunto. . Raúl Castro señala que seguirán múltiples diferencias. 'Reiteramos nuestra posición al dialogo respetuoso y reciproco...' Además menciona que continúa el ‘bloqueo’ estadounidense impositivo a la Isla desde 1962.";"-1";"0.1906";"Unknown"
"Tema del Día: Reunión controvertida entre fiscal y ministro genera preocupación";"";"Miércoles 3 de Diciembre de 2014";"Christian Salas, quien recientemente dejó el cargo de Procurador Anticorrupción, expresó su malestar hacia varias autoridades públicas después de enterarse de una reunión mantenida por el fiscal supra-provincial del caso ‘La Centralita’, Marco Huamán, con el ministro de Justicia, Daniel Figallo. En septiembre pasado, Huamán había anunciado públicamente esta reunión mediante una declaración radiofónica, explicando que respondió a consultas sobre el manejo del caso y mencionando cómo un abogado podría beneficiarse significativamente al plantear un habeas corpus dado el tratamiento percibido como débil del caso.";"correo";"2014/12/03";"Tema del Día: Reunión controvertida entre fiscal y ministro genera preocupación. . Christian Salas, quien recientemente dejó el cargo de Procurador Anticorrupción, expresó su malestar hacia varias autoridades públicas después de enterarse de una reunión mantenida por el fiscal supra-provincial del caso ‘La Centralita’, Marco Huamán, con el ministro de Justicia, Daniel Figallo. En septiembre pasado, Huamán había anunciado públicamente esta reunión mediante una declaración radiofónica, explicando que respondió a consultas sobre el manejo del caso y mencionando cómo un abogado podría beneficiarse significativamente al plantear un habeas corpus dado el tratamiento percibido como débil del caso.";"0";"1.0";"reunión, productos, investigación, lossio, economía"
"Terrorismo Global Impacta Europa";"Atentado en Café de Sidney Involucra Rehenes";"CRÓNICAS INTERNACIONALES";"Un grupo presumiblemente afiliado al ISIS tomó control de un café en Sydney, causando tensión internacional y alerta global.";"correo";"2014/12/15";"Terrorismo Global Impacta Europa. Atentado en Café de Sidney Involucra Rehenes. Un grupo presumiblemente afiliado al ISIS tomó control de un café en Sydney, causando tensión internacional y alerta global.";"-1";"0.2625";"Unknown"
"Sporting Cristal Contrató al Argentino Cesar Pereyra Es Sucesor de Chapita Blanco Reforzamiento. Sporting Cristal Se Puso Pilas y Contrató al Argentino Cesar Pereyra, de 33 años, quién Jugó en el Atlético Belgrano desde el 2009 y Tan sólo un Año (2006) Salió de Argentina para Jugar en México (Atlas). El Goleador de Los Rimenses, Irven Ávila Espera Emigrar Próximo Año y el Urugayo Sergio Blanco aún No Renovará. Otro que tampoco Continuaría en Equipo Rimense Sería Maximiliano Nuñez, Ya que Prosigua su Carrera Futbolística en País, Pereyra Se Suma a Ya Contratados Josepmir Ballón y Josué Estrada.,";"";"";"";"correo";"2014/12/25";"Sporting Cristal Contrató al Argentino Cesar Pereyra Es Sucesor de Chapita Blanco Reforzamiento. Sporting Cristal Se Puso Pilas y Contrató al Argentino Cesar Pereyra, de 33 años, quién Jugó en el Atlético Belgrano desde el 2009 y Tan sólo un Año (2006) Salió de Argentina para Jugar en México (Atlas). El Goleador de Los Rimenses, Irven Ávila Espera Emigrar Próximo Año y el Urugayo Sergio Blanco aún No Renovará. Otro que tampoco Continuaría en Equipo Rimense Sería Maximiliano Nuñez, Ya que Prosigua su Carrera Futbolística en País, Pereyra Se Suma a Ya Contratados Josepmir Ballón y Josué Estrada.,. .";"1";"1.0";"equipo, es, lima, real, mejor"
"Investigación parlamentaria";"Congresista insiste en transparencia.;;Debate continúa sobre quién dirigirá la investigación relacionada con figuras clave del gobierno anterior.""";"";"";"correo";"2014/12/04";"Investigación parlamentaria. Congresista insiste en transparencia.;;Debate continúa sobre quién dirigirá la investigación relacionada con figuras clave del gobierno anterior."".";"0";"1.0";"reunión, productos, investigación, lossio, economía"
"Fiscalización y política pública";"";"DiarioCorreo";"Informe señala pérdidas significativas por corrupción. Urgen medidas más rigurosas frente a malversación de fondos públicos.";"correo";"2014/12/04";"Fiscalización y política pública. . Informe señala pérdidas significativas por corrupción. Urgen medidas más rigurosas frente a malversación de fondos públicos.";"-1";"0.1587";"Unknown"
"";"";"";"";"correo";"2014/12/03";". .";"-1";"0.0913";"Unknown"
"Decisión de Raúl Castro y Barack Obama ya genera críticas de los disidentes de la isla y del Partido Republicano";"";"Gastón Gaviola";"Con esta frase, pronunciada en castellano, cerraba su discurso el presidente de Estados Unidos luego de anunciar la intención de restablecer relaciones diplomáticas con Cuba. Es el inicio de un camino al que le esperan varios kilómetros, pero que lleva en el derrotero cerrar uno de los últimos capítulos de la historia del siglo XX.";"correo";"2014/12/21";"Decisión de Raúl Castro y Barack Obama ya genera críticas de los disidentes de la isla y del Partido Republicano. . Con esta frase, pronunciada en castellano, cerraba su discurso el presidente de Estados Unidos luego de anunciar la intención de restablecer relaciones diplomáticas con Cuba. Es el inicio de un camino al que le esperan varios kilómetros, pero que lleva en el derrotero cerrar uno de los últimos capítulos de la historia del siglo XX.";"-1";"0.2035";"Unknown"
"Investigación Interna de Greenpeace Debido a Incidente en Nazca";"Ministra de Cultura Expresa Discrepancia";"Redacción | Correo";"Tras el incidente provocado por activistas de Greenpeace en las líneas de Nasca, la Ministra de Cultura criticó la falta de transparencia en cuanto a la provisión de datos personales de los involucrados.";"correo";"2014/12/16";"Investigación Interna de Greenpeace Debido a Incidente en Nazca. Ministra de Cultura Expresa Discrepancia. Tras el incidente provocado por activistas de Greenpeace en las líneas de Nasca, la Ministra de Cultura criticó la falta de transparencia en cuanto a la provisión de datos personales de los involucrados.";"0";"1.0";"reunión, productos, investigación, lossio, economía"
"Dilación en gestión de túneles Santa Rosa será superada";"Los túneles Santa Rosa serán finalizados en 2016 según ingenieros.";"";"Trabajos en los túneles Santa Rosa fueron retomados después de haber estado suspendidos, prevé su conclusión para fines de 2016.";"correo";"2014/12/10";"Dilación en gestión de túneles Santa Rosa será superada. Los túneles Santa Rosa serán finalizados en 2016 según ingenieros.. Trabajos en los túneles Santa Rosa fueron retomados después de haber estado suspendidos, prevé su conclusión para fines de 2016.";"-1";"0.2693";"Unknown"
"Peligro Latente Debido a Sitios Clandestinos Que Podrían Provocar Incendios Graves.";"";"";"";"correo";"2014/12/16";"Peligro Latente Debido a Sitios Clandestinos Que Podrían Provocar Incendios Graves.. .";"-1";"0.2374";"Unknown"
"Sendero en vitrina";"";"DiarioCorreo";"Obra de Elena Iparraguirre y Maritza Garrido Lecca’se exponen en muestra seudórtistica.";"correo";"2014/12/25";"Sendero en vitrina. . Obra de Elena Iparraguirre y Maritza Garrido Lecca’se exponen en muestra seudórtistica.";"-1";"0.214";"Unknown"
"Mourinho Criticó a Bale. Por Otra Parte, el Estratega Portugués También Tuvo una Crítíca para Palabras del Pes Gareth Bale, del Real Madrid, Quién Afirma Que la Liga Española Nacional Mou Dijo Que en Una Ocurrencia Dirigía al Real Madrid Querió Hacerse Cargo de la Selección de Portugal Pero el Presidente Florentino Pérez No Quiso Que Realice Esas Dos Funciones. La España Mejor Que Otras. ‘Gareth Bale Dice Que la Liga BBVA es Mejor Porque está Ahí y Hay Que Aceptar Eso. Yo Estuve Allí Gané un Torneo Local y también Perdí. Sé Clara las Diferencias que Hay Entre España e Inglaterra. Allí Afloras Algunos Partidos Sabiendo Que Vas a Ganar, y Eso No es lo Mejor para una Competición. Hay Dos Equipos Remarcadamente Diferentes de Diez de Éxitos. Dos Equipos Qué están en la Cima del Mundo y, Luego, el Resto. El Atlético de Madrid es el Tercero; el año Pasado Ganó, Pero no es Normal. Desde Aquello Hay una Brecha Mucho Importante. Por Esto Da un Campeonato con 100 Puntos y 127 Goles Favorables. Eso en la Premier';,";"";"";"";"correo";"2014/12/25";"Mourinho Criticó a Bale. Por Otra Parte, el Estratega Portugués También Tuvo una Crítíca para Palabras del Pes Gareth Bale, del Real Madrid, Quién Afirma Que la Liga Española Nacional Mou Dijo Que en Una Ocurrencia Dirigía al Real Madrid Querió Hacerse Cargo de la Selección de Portugal Pero el Presidente Florentino Pérez No Quiso Que Realice Esas Dos Funciones. La España Mejor Que Otras. ‘Gareth Bale Dice Que la Liga BBVA es Mejor Porque está Ahí y Hay Que Aceptar Eso. Yo Estuve Allí Gané un Torneo Local y también Perdí. Sé Clara las Diferencias que Hay Entre España e Inglaterra. Allí Afloras Algunos Partidos Sabiendo Que Vas a Ganar, y Eso No es lo Mejor para una Competición. Hay Dos Equipos Remarcadamente Diferentes de Diez de Éxitos. Dos Equipos Qué están en la Cima del Mundo y, Luego, el Resto. El Atlético de Madrid es el Tercero; el año Pasado Ganó, Pero no es Normal. Desde Aquello Hay una Brecha Mucho Importante. Por Esto Da un Campeonato con 100 Puntos y 127 Goles Favorables. Eso en la Premier';,. .";"1";"1.0";"equipo, es, lima, real, mejor"
"Lanzamiento Libro Teresa Izquierdo";"Un homenaje maternal";"Edición 99";"Como un homenaje a su madre, Elena Santos Izquierdo, única hija de la célebre cocinera Teresa Izquierdo, presentó el libro ‘Teresa Izquierdo en Familia’, narrando la vibrante historia materna junto a sus más queridas recetas.";"correo";"2014/12/21";"Lanzamiento Libro Teresa Izquierdo. Un homenaje maternal. Como un homenaje a su madre, Elena Santos Izquierdo, única hija de la célebre cocinera Teresa Izquierdo, presentó el libro ‘Teresa Izquierdo en Familia’, narrando la vibrante historia materna junto a sus más queridas recetas.";"0";"0.6034";"reunión, productos, investigación, lossio, economía"
"Pérdidas económicas por corrupción";"";"DiarioCorreo";"Según datos gubernamentales, el país pierde miles millones cada año debido a prácticas fraudulentas dentro de la función pública.";"correo";"2014/12/04";"Pérdidas económicas por corrupción. . Según datos gubernamentales, el país pierde miles millones cada año debido a prácticas fraudulentas dentro de la función pública.";"-1";"0.1861";"Unknown"
"Autorización de Fusión Entre Empresas Locales";"Convocatoria a Asamblea General Extraordinaria de Asociados";"Presidente del Consejo Directivo";"De acuerdo con el artículo 30°, etcétera, del Estatuto del Jockey Club del Perú, se convoca a una reunión extraordinaria para discutir temas relevantes incluidos en la agenda.";"correo";"2014/12/16";"Autorización de Fusión Entre Empresas Locales. Convocatoria a Asamblea General Extraordinaria de Asociados. De acuerdo con el artículo 30°, etcétera, del Estatuto del Jockey Club del Perú, se convoca a una reunión extraordinaria para discutir temas relevantes incluidos en la agenda.";"-1";"0.2474";"Unknown"
"Distribuciones Agencias entrenador Portugués del Chelsea, José Mourinho, Sostuvo Que el Cuadro Inglés No Tiene Opción Ninguna de Firmar al No Lionel Messi del Barça Debido al Fair Play Financiero.; 'El Chelsea No Se Lo Puede Permitir. No Tenemos Ninguna Opción de Firmar Jugadores Como Lionel Messi. Está Vigente el Fair Play Financiero, Que Nos Obliga a Seguir Determinadas Reglas y Cumplir con Dos Números. Es Impensable. No Hay Condición para Comprar a un Jugador Fantástico a un Precio Fantástico', Dijo en Una Entrevista.";"";"";"";"correo";"2014/12/25";"Distribuciones Agencias entrenador Portugués del Chelsea, José Mourinho, Sostuvo Que el Cuadro Inglés No Tiene Opción Ninguna de Firmar al No Lionel Messi del Barça Debido al Fair Play Financiero.; 'El Chelsea No Se Lo Puede Permitir. No Tenemos Ninguna Opción de Firmar Jugadores Como Lionel Messi. Está Vigente el Fair Play Financiero, Que Nos Obliga a Seguir Determinadas Reglas y Cumplir con Dos Números. Es Impensable. No Hay Condición para Comprar a un Jugador Fantástico a un Precio Fantástico', Dijo en Una Entrevista.. .";"1";"1.0";"equipo, es, lima, real, mejor"
"Caso Belaunde Lossio";"Primera Dama critica uso indebido de nombres.";"";"Nadine Heredia insta a Belaunde Lossio a someterse a la justicia. Revela posible aprovechamiento indebido de identidades políticas.";"correo";"2014/12/04";"Caso Belaunde Lossio. Primera Dama critica uso indebido de nombres.. Nadine Heredia insta a Belaunde Lossio a someterse a la justicia. Revela posible aprovechamiento indebido de identidades políticas.";"0";"1.0";"reunión, productos, investigación, lossio, economía"
"Cambio en normas aduaneras simplifica ingreso de productos a mercados extranjeros";"Seguimiento de envíos en portal Sunat";"";"Se facilitó el procedimiento para ingresar productos a mercados externos gracias a nuevas normas aduaneras.";"correo";"2014/12/10";"Cambio en normas aduaneras simplifica ingreso de productos a mercados extranjeros. Seguimiento de envíos en portal Sunat. Se facilitó el procedimiento para ingresar productos a mercados externos gracias a nuevas normas aduaneras.";"-1";"0.263";"Unknown"
"Hija víctima de la delincuencia hace veintitantos días en Miraflores.";"";" ";"Hace veinte días en Miraflores, cinco hampones que viajaban en dos automóviles asaltaron a una mujer mientras caminaba hacia su apartamento. Les robaron pertenencias valiosas y le fracturaron el brazo, requiriéndole cirugía y prótesis.";"correo";"2014/12/03";"Hija víctima de la delincuencia hace veintitantos días en Miraflores.. . Hace veinte días en Miraflores, cinco hampones que viajaban en dos automóviles asaltaron a una mujer mientras caminaba hacia su apartamento. Les robaron pertenencias valiosas y le fracturaron el brazo, requiriéndole cirugía y prótesis.";"-1";"0.0961";"Unknown"
"Ingreso Irregular de Mercancías Explosivas Preocupación en Mesa Redonda";"";"Joaquín de Quesada Grupo Epensa.pe";"";"correo";"2014/12/16";"Ingreso Irregular de Mercancías Explosivas Preocupación en Mesa Redonda. .";"-1";"0.2077";"Unknown"
"Economía creció 2.37%; Sector Minería Mostró Mejoras";"Resultado Menor al de Setiembre";"AA.;";"Octubre no fue mejor que septiembre para la economía peruana, que creció 2.37% en el décimo mes del año, según información divulgada por el Instituto Nacional de Estadística e Informática (INEI).";"correo";"2014/12/16";"Economía creció 2.37%; Sector Minería Mostró Mejoras. Resultado Menor al de Setiembre. Octubre no fue mejor que septiembre para la economía peruana, que creció 2.37% en el décimo mes del año, según información divulgada por el Instituto Nacional de Estadística e Informática (INEI).";"-1";"0.2771";"Unknown"
"SUNAT realizará remates por más de $7.5 millones.";"Con el objetivo de recuperar deudas tributarias.";" NA";" ""Sunat remata bienes muebles e inmuebles embargados por un valor de S/75 millones el próximo sábado 13.""";"correo";"2014/12/09";"SUNAT realizará remates por más de $7.5 millones.. Con el objetivo de recuperar deudas tributarias..  ""Sunat remata bienes muebles e inmuebles embargados por un valor de S/75 millones el próximo sábado 13.""";"-1";"0.2831";"Unknown"
"Búsqueda Exitosa de Smartphone ZTE Kiss";"Promoción vigente hasta el 17 de diciembre";"";"Para obtener detalles sobre cómo aprovechar estas oportunidades, visita nuestro portal oficial.";"correo";"2014/12/15";"Búsqueda Exitosa de Smartphone ZTE Kiss. Promoción vigente hasta el 17 de diciembre. Para obtener detalles sobre cómo aprovechar estas oportunidades, visita nuestro portal oficial.";"-1";"0.4493";"Unknown"
"FORTALECE FUERZA POPULAR SU PODER REGIONAL TRAS RECIENTES RESULTADOS ELECTORALES";"";"Waldir Quispe García";"Tras conocerse los resultados definitivos proporcionados por ONPE, Fuerza Popular consolidó su posición ganando elecciones regionales clave en Pasco, Ica y San Martín. Analistas sugieren esto fortalece su potencial para futuros eventos electorales.";"correo";"2014/12/10";"FORTALECE FUERZA POPULAR SU PODER REGIONAL TRAS RECIENTES RESULTADOS ELECTORALES. . Tras conocerse los resultados definitivos proporcionados por ONPE, Fuerza Popular consolidó su posición ganando elecciones regionales clave en Pasco, Ica y San Martín. Analistas sugieren esto fortalece su potencial para futuros eventos electorales.";"-1";"0.2782";"Unknown"
"Auditorías internacionales ponen en jaque al sistema judicial peruano";"Revelaciones impactantes sacuden la credibilidad pública";"";"Pedro Angulo, antiguo fiscal superior, argumenta que la naturaleza misma de la reunión entre un fiscal específico y un alto funcionario gubernamental contradice principios fundamentales de autonomía judicial. Las circunstancias rodeando esta reunión intensifican las sospechas de interferencia política en procesos legítimos de investigación, exacerbando aún más la crisis de confianza en las instituciones judiciales.";"correo";"2014/12/03";"Auditorías internacionales ponen en jaque al sistema judicial peruano. Revelaciones impactantes sacuden la credibilidad pública. Pedro Angulo, antiguo fiscal superior, argumenta que la naturaleza misma de la reunión entre un fiscal específico y un alto funcionario gubernamental contradice principios fundamentales de autonomía judicial. Las circunstancias rodeando esta reunión intensifican las sospechas de interferencia política en procesos legítimos de investigación, exacerbando aún más la crisis de confianza en las instituciones judiciales.";"0";"1.0";"reunión, productos, investigación, lossio, economía"
"Casi 10% de Personal CTM Niegan Despidos Masivos";"EMPRESA DENUNCIA DESPIDOS MASIVOS.; Empleo""";" ""Mediante un comunicado, el Ministerio de Trabajo y Promoción del Empleo (MTPE) negó realizar algún despido masivo de sus trabajadores, aunque afirmó que los ceses correspondieron a una renovación de contratos que comprometen a no más del diez por ciento de sus empleados bajo modalidad de Contratos Administrativos de Servicios (CAS).""";"";"correo";"2014/12/25";"Casi 10% de Personal CTM Niegan Despidos Masivos. EMPRESA DENUNCIA DESPIDOS MASIVOS.; Empleo"".";"-1";"0.1705";"Unknown"
"Neymar Sueña Con Final de Champins";"Barcelona aplasta al Córdoba";"Redacción|Correo";"El astropéruano Neymar expresó sentirse privilegiado por compartir vestuario con Lionel Messi, a quién considera el mejor del mundo.";"correo";"2014/12/21";"Neymar Sueña Con Final de Champins. Barcelona aplasta al Córdoba. El astropéruano Neymar expresó sentirse privilegiado por compartir vestuario con Lionel Messi, a quién considera el mejor del mundo.";"1";"0.8221";"equipo, es, lima, real, mejor"
"En juicio abierto, Eva Bracamonte Feffer refutó cargos relacionados con el homicidio de su madre, atribuyendo acciones a su hermano Ariel.";"";"";"";"correo";"2014/12/16";"En juicio abierto, Eva Bracamonte Feffer refutó cargos relacionados con el homicidio de su madre, atribuyendo acciones a su hermano Ariel.. .";"-1";"0.1534";"Unknown"
"Suspensión del Servicio de Agua en el Distrito de San Isidro";"Martes 16 de Diciembre de 2014";"Redacción | Correo";"SEDAPAL informó que, dando cumplimiento a la normativa vigente, se suspendió el servicio en determinadas áreas desde jueves 18 hasta miércoles 23 de diciembre.";"correo";"2014/12/16";"Suspensión del Servicio de Agua en el Distrito de San Isidro. Martes 16 de Diciembre de 2014. SEDAPAL informó que, dando cumplimiento a la normativa vigente, se suspendió el servicio en determinadas áreas desde jueves 18 hasta miércoles 23 de diciembre.";"-1";"0.2629";"Unknown"
"Negativa. Mininter pone luz roja a definición del Clausura en Lima y Trujillo";"NA";"NA";"Ide que resultó crucial partido Urresti prefirió abocarse a resguardo de COP20. En tanto, titulares de la ADFP y FPF, se encuentran en Paraguay.";"correo";"2014/12/03";"Negativa. Mininter pone luz roja a definición del Clausura en Lima y Trujillo. Ide que resultó crucial partido Urresti prefirió abocarse a resguardo de COP20. En tanto, titulares de la ADFP y FPF, se encuentran en Paraguay.";"1";"0.4644";"equipo, es, lima, real, mejor"
"PRESIDENTE HUMALA COMENTA SOBRE IMPORTANCIA DEL EJÉRCITO";"";"";"Durante el Día del Ejército, Presidente Ollanta Humala destacó la importancia de mantener la independencia política dentro de las fuerzas militares, calificándolo como ‘lo más sagrado’.";"correo";"2014/12/10";"PRESIDENTE HUMALA COMENTA SOBRE IMPORTANCIA DEL EJÉRCITO. . Durante el Día del Ejército, Presidente Ollanta Humala destacó la importancia de mantener la independencia política dentro de las fuerzas militares, calificándolo como ‘lo más sagrado’.";"0";"0.3581";"reunión, productos, investigación, lossio, economía"
"Detienen 361 prácticas engañosas.";"Alerta emitida por Indecopi.";" NA";" ""Este año, el Indecopi realizó 361 investigaciones relacionadas con publicidad engañosa en varios sectores.""";"correo";"2014/12/09";"Detienen 361 prácticas engañosas.. Alerta emitida por Indecopi..  ""Este año, el Indecopi realizó 361 investigaciones relacionadas con publicidad engañosa en varios sectores.""";"-1";"0.1828";"Unknown"
"Eva Niega Acusaciones en Audiencia Juicio por Crimen de Myriam Feffer";"";"Mari Lisbeth Núñez Mairena Grupo Epensa.pe";"";"correo";"2014/12/16";"Eva Niega Acusaciones en Audiencia Juicio por Crimen de Myriam Feffer. .";"-1";"0.1608";"Unknown"
"Critican reunión secreta entre fiscal y ministro";"Abogado advierte sobre influencias indebidas";"";"Ronald Gamarra, exprocurador anticorrupción, criticó duramente la reunión entre Huamán, Quiroz y Figallo, describiéndola como inadmisible. Sugiere que cualquier responsabilidad caería principalmente sobre Figallo, quien invitó a la reunión, más que sobre Huamán. Destaca además que tales actividades pueden interpretarse políticamente incorrectas y señalan manipulaciones detrás de la investigación.";"correo";"2014/12/03";"Critican reunión secreta entre fiscal y ministro. Abogado advierte sobre influencias indebidas. Ronald Gamarra, exprocurador anticorrupción, criticó duramente la reunión entre Huamán, Quiroz y Figallo, describiéndola como inadmisible. Sugiere que cualquier responsabilidad caería principalmente sobre Figallo, quien invitó a la reunión, más que sobre Huamán. Destaca además que tales actividades pueden interpretarse políticamente incorrectas y señalan manipulaciones detrás de la investigación.";"0";"1.0";"reunión, productos, investigación, lossio, economía"
"Borrussia cae ante Werder Bremen";"Manchester United sigue en ascenso";"Redacción|Correo";"Por la jornada 17 de la Bundesliga Alemana, Borussia Dortmund perdió como visitante por 1-2 frente al Werder Bremen.";"correo";"2014/12/21";"Borrussia cae ante Werder Bremen. Manchester United sigue en ascenso. Por la jornada 17 de la Bundesliga Alemana, Borussia Dortmund perdió como visitante por 1-2 frente al Werder Bremen.";"1";"0.82";"equipo, es, lima, real, mejor"
"Luis Suárez Anota Verdadero Golazoo Tras Dar 500 Canastos Navideños Niños de Uruguay Buen Gesto. Pistolero Suárez Hizo Golazo de Media Cancha Buena Acción. ¡‘Yin’ Luis Suárez Anotó un Verdadero ‘Golazo’ Tras Donar Ayer 500 Canastos Navideños a los Niños de la Fundación y del Hospital Pereira Rossell. El Jugador Charro, Quién es Embajador de la Fundación Perez Scrimin (Que Atienden Menores con Cáncer), Dio unas 500 Canastos Navideñas que Ya se Encuentran en Uruguay y que Serán Entregadas a los Pequeños. ‘¡Luisito Suárez dio a Todos los Niños de la Fundación y del Hospital!’ Un Grande’, Sostenía el Doctor Ney Castillo.,";"";"";"";"correo";"2014/12/25";"Luis Suárez Anota Verdadero Golazoo Tras Dar 500 Canastos Navideños Niños de Uruguay Buen Gesto. Pistolero Suárez Hizo Golazo de Media Cancha Buena Acción. ¡‘Yin’ Luis Suárez Anotó un Verdadero ‘Golazo’ Tras Donar Ayer 500 Canastos Navideños a los Niños de la Fundación y del Hospital Pereira Rossell. El Jugador Charro, Quién es Embajador de la Fundación Perez Scrimin (Que Atienden Menores con Cáncer), Dio unas 500 Canastos Navideñas que Ya se Encuentran en Uruguay y que Serán Entregadas a los Pequeños. ‘¡Luisito Suárez dio a Todos los Niños de la Fundación y del Hospital!’ Un Grande’, Sostenía el Doctor Ney Castillo.,. .";"1";"0.6976";"equipo, es, lima, real, mejor"
"DESTAPE. EXPROCUREADA DICHO SOBRE CASO BELAUDE LOSSIO";"Miércoles 10 de Diciembre de 2014";"";"Según reportes, la exprocuradora Yeni Vilcatoma señala que figuras políticas importantes podrían tener vínculos con el caso Belaunde Lossio. Además, menciona interceptaciones telefónicas relevantes realizadas bajo circunstancias sospechosas.";"correo";"2014/12/10";"DESTAPE. EXPROCUREADA DICHO SOBRE CASO BELAUDE LOSSIO. Miércoles 10 de Diciembre de 2014. Según reportes, la exprocuradora Yeni Vilcatoma señala que figuras políticas importantes podrían tener vínculos con el caso Belaunde Lossio. Además, menciona interceptaciones telefónicas relevantes realizadas bajo circunstancias sospechosas.";"0";"1.0";"reunión, productos, investigación, lossio, economía"
"Nicolás Pisculichi Caen en megaoperativo policías de burga";"Exige exigió al PJ impedir salida país dirigente por irregularidades";"";"Nicolás pisculichi caen en megaa operativo policías\nde burgo.\nexige exigió al pj impedir salida país dirigente por irregularidades\nedwin oviedoi federico céspedes buscan sucederlo\nTeema del dia\nmartes 16 de diciembre de 2014\nlima diario correo Alerta.";"correo";"2014/12/16";"Nicolás Pisculichi Caen en megaoperativo policías de burga. Exige exigió al PJ impedir salida país dirigente por irregularidades. Nicolás pisculichi caen en megaa operativo policías\nde burgo.\nexige exigió al pj impedir salida país dirigente por irregularidades\nedwin oviedoi federico céspedes buscan sucederlo\nTeema del dia\nmartes 16 de diciembre de 2014\nlima diario correo Alerta.";"-1";"0.2827";"Unknown"
"Liga A+: Ramas LR";" ";"";"RAMAS LR porque son los mejores acompañantes en el trabajo, disminuyen el largo camino en el número… ";"correo";"2014/12/16";"Liga A+: Ramas LR.  . RAMAS LR porque son los mejores acompañantes en el trabajo, disminuyen el largo camino en el número…";"-1";"0.2808";"Unknown"
"Diversos medios señalan que la organización estaba implicada en producción y transporte de drogas utilizando infraestructuras ocultas.";"";"";"";"correo";"2014/12/16";"Diversos medios señalan que la organización estaba implicada en producción y transporte de drogas utilizando infraestructuras ocultas.. .";"-1";"0.1456";"Unknown"
"SBS Propone Tiempo Más Corto para Levantar Secreto Bancario";"De aprobarse agilizará solicitudes de las autoridades que están facultadas.";" ""FOTOA.: ANDINA""";" ""De esta manera, la iniciativa de la SBS establece que el plazo de atención a las solicitudes no supere los treinta días hábiles, salvo excepciones. Entre ellas el ente supervisor específicamente señaló que éstas consistirán en casos como el de un mandato legal o judicial por parte de las empresas del sistema financiero.""";"correo";"2014/12/25";"SBS Propone Tiempo Más Corto para Levantar Secreto Bancario. De aprobarse agilizará solicitudes de las autoridades que están facultadas..  ""De esta manera, la iniciativa de la SBS establece que el plazo de atención a las solicitudes no supere los treinta días hábiles, salvo excepciones. Entre ellas el ente supervisor específicamente señaló que éstas consistirán en casos como el de un mandato legal o judicial por parte de las empresas del sistema financiero.""";"-1";"0.2111";"Unknown"
"Derechos humanos amenazados por prácticas gubernamentales arbitrarias.;; """;"Activistas señalan múltiples infracciones a derechos fundamentales atribuidas a ejecutorias gubernamentales, destacándose restricciones indebidas a libertades civiles básicas y discriminación sistemática en sectores específicos de la población.";"";"";"correo";"2014/12/03";"Derechos humanos amenazados por prácticas gubernamentales arbitrarias.;; "". Activistas señalan múltiples infracciones a derechos fundamentales atribuidas a ejecutorias gubernamentales, destacándose restricciones indebidas a libertades civiles básicas y discriminación sistemática en sectores específicos de la población..";"-1";"0.1693";"Unknown"
"Premian a los Mejores Jinetes y Amazonas";"Lo justo.";"David Levy";"Se premió a los jinetes y amazonas que ocuparon los tres primeros lugares del ranking nacional 2014, en las disciplinas de salto, adiestramiento y prueba completa.";"correo";"2014/12/21";"Premian a los Mejores Jinetes y Amazonas. Lo justo.. Se premió a los jinetes y amazonas que ocuparon los tres primeros lugares del ranking nacional 2014, en las disciplinas de salto, adiestramiento y prueba completa.";"-1";"0.3522";"Unknown"
"Investigan acciones del fiscal Huamán y el ministro Figallo";"Ex-Procurador alerta sobre potencial conflicto de intereses";"";"Carlos Ramos Heredia compareció ante la comisión incógnitas del Congreso, aunque requiriéndose múltiples avisos para asegurar su participación. Además, según documentos enviados por Salas al fiscal superior Gustavo Quiroz, hubo una conversación telefónica relevante entre Huamán y la procuradora adjunta Yeni Vilcatoma, discutiendo aspectos delicados del caso 'La Centralita'. Esto sugiere una actuación poco usual de un fiscal público, especialmente en relación con contactos con figuras ejecutivas.";"correo";"2014/12/03";"Investigan acciones del fiscal Huamán y el ministro Figallo. Ex-Procurador alerta sobre potencial conflicto de intereses. Carlos Ramos Heredia compareció ante la comisión incógnitas del Congreso, aunque requiriéndose múltiples avisos para asegurar su participación. Además, según documentos enviados por Salas al fiscal superior Gustavo Quiroz, hubo una conversación telefónica relevante entre Huamán y la procuradora adjunta Yeni Vilcatoma, discutiendo aspectos delicados del caso 'La Centralita'. Esto sugiere una actuación poco usual de un fiscal público, especialmente en relación con contactos con figuras ejecutivas.";"0";"1.0";"reunión, productos, investigación, lossio, economía"
"A través de múltiples operativos, la cártel conocida como ‘Los Sapos de Huánuco’ fue desmantelada, resultando en la captura de 18 miembros, incluido un exfiscal y cuatro policías en función.";"";"";"";"correo";"2014/12/16";"A través de múltiples operativos, la cártel conocida como ‘Los Sapos de Huánuco’ fue desmantelada, resultando en la captura de 18 miembros, incluido un exfiscal y cuatro policías en función.. .";"0";"0.5197";"reunión, productos, investigación, lossio, economía"
"";"";"";"";"correo";"2014/12/03";". .";"-1";"0.0917";"Unknown"
"FIFA's Image Very Bad According To Platini";"Michel Platini Comments";"Correo";"Para Platini la imagen de la FIFA es muy mala con todo. Michel Platini, presidente de la UEFA, consideró que Joseph Blatter no debe continuar al frente de la FIFA, pues la imagen del ente rector actualmente es muy mala. Sin embargo, no cree que el suizo quisiera abandonar su cargo. «Lo apoyé en 1998 porque creí que era el hombre adecuado en ese entonces, pero tras cinco mandatos es hora de dejar el puesto a otra persona. La imagen de la FIFA es muy, muy mala, por ello pienso que sea el momento de que dé marcha atrás», concluyó Platini.";"correo";"2014/12/10";"FIFA's Image Very Bad According To Platini. Michel Platini Comments. Para Platini la imagen de la FIFA es muy mala con todo. Michel Platini, presidente de la UEFA, consideró que Joseph Blatter no debe continuar al frente de la FIFA, pues la imagen del ente rector actualmente es muy mala. Sin embargo, no cree que el suizo quisiera abandonar su cargo. «Lo apoyé en 1998 porque creí que era el hombre adecuado en ese entonces, pero tras cinco mandatos es hora de dejar el puesto a otra persona. La imagen de la FIFA es muy, muy mala, por ello pienso que sea el momento de que dé marcha atrás», concluyó Platini.";"-1";"0.3221";"Unknown"
"Suspensiones del servicio de agua en ciertos distritos de Lima.;;
LIMA Diario PE: Condena a banda narco peruana incluida personal policial y judicial.""";"";"Mari Lizette Áñez MinunezGrupo Epensa.pe";"";"correo";"2014/12/16";"Suspensiones del servicio de agua en ciertos distritos de Lima.;;
LIMA Diario PE: Condena a banda narco peruana incluida personal policial y judicial."". .";"-1";"0.2552";"Unknown"
"Ley General del Sistema Financiero y del Sistema de Seguros y Organización de la SBS,";"";"Las autoridades facultadas a solicitar el levantamiento del secreto bancario son el Poder Judicial; el presidente de una comisión investigadora del Poder Legislativo, con acuerdo de la comisión de que se trate y en relación con hechos que comprometan el interés público... También destacó que pueden hacerlo el fiscal de la Nación o el Gobierno de un país con el que se cuente con un convenio para combatir, reprimir y sancionar actividades como el tráfico ilegal de drogas, el terrorismo o el lavado de activos.";"";"correo";"2014/12/25";"Ley General del Sistema Financiero y del Sistema de Seguros y Organización de la SBS,. .";"-1";"0.277";"Unknown"
"Sobrecarga fiscal amenaza economías domésticas";"Sobreprecios impactan costos alimenticios";"Clorinda Flores F.";"“Según el Instituto Peruano de Economía, las sobretasas están elevándose considerablemente, influyendo así en el valor de básicos como el maíz.”";"correo";"2014/12/15";"Sobrecarga fiscal amenaza economías domésticas. Sobreprecios impactan costos alimenticios. “Según el Instituto Peruano de Economía, las sobretasas están elevándose considerablemente, influyendo así en el valor de básicos como el maíz.”";"-1";"0.2198";"Unknown"
"Aurich Frente a Cristal Buscará Ser Campeón";"En vivo ahora sí tendremos campeón nacional.";"'Juan Aurich' de Chiclayo y 'Sporting Cristal' de Lima enfrentarán hoy a muerte la tercera y última final del torneo nacional. La cita será a las 15:30 horas en el estadio Mansiche de Trujillo.";"";"correo";"2014/12/21";"Aurich Frente a Cristal Buscará Ser Campeón. En vivo ahora sí tendremos campeón nacional..";"1";"0.609";"equipo, es, lima, real, mejor"
"Manuel Burga renunció anticipadamente a su puesto en FIFA después de controversias financieras vinculadas a casos antiguos de corrupción.";"";"";"";"correo";"2014/12/16";"Manuel Burga renunció anticipadamente a su puesto en FIFA después de controversias financieras vinculadas a casos antiguos de corrupción.. .";"-1";"0.2584";"Unknown"
"Festival gastronómico ofrece degustación gratuita de comida peruana tradicional.";"";"Marcela Quiroz";"Este evento contará con más de 20 stands distribuidos en diferentes puntos estratégicos de la Plaza Mayor, cada stand representará una región distinta del país.";"correo";"2014/12/25";"Festival gastronómico ofrece degustación gratuita de comida peruana tradicional.. . Este evento contará con más de 20 stands distribuidos en diferentes puntos estratégicos de la Plaza Mayor, cada stand representará una región distinta del país.";"-1";"0.3294";"Unknown"
"Cambio válido hasta el 31/12/2014 y/o hasta agotar stock. Información de precios sujetos a variaciones según fluctuaciones del mercado.";"";"";"";"correo";"2014/12/16";"Cambio válido hasta el 31/12/2014 y/o hasta agotar stock. Información de precios sujetos a variaciones según fluctuaciones del mercado.. .";"-1";"0.3322";"Unknown"
"Fusión empresarial formalizada";"TRINY RENTAL S.A.C. absorberá TRANSERVICIOS Y SERVICIOS TRINY S.A.C.";"De conformidad con artículo 355 de la Ley General de Sociedades";"Fusión entre TRINY RENTAL S.A.C. y TRANSPORTES Y SERVICIOS TRINY S.A.C. decidida en junta general de accionistas, efectiva a partir del 1 de enero de 2015.";"correo";"2014/12/10";"Fusión empresarial formalizada. TRINY RENTAL S.A.C. absorberá TRANSERVICIOS Y SERVICIOS TRINY S.A.C.. Fusión entre TRINY RENTAL S.A.C. y TRANSPORTES Y SERVICIOS TRINY S.A.C. decidida en junta general de accionistas, efectiva a partir del 1 de enero de 2015.";"-1";"0.352";"Unknown"
"";"";"";"";"correo";"2014/12/10";". .";"-1";"0.093";"Unknown"
"Peligro en aumento: Incertidumbre económica golpea bolsa peruana";"Indice bajó significativamente";"";"Las acciones experimentaron una notable caída hoy, marcando preocupación entre inversores.";"correo";"2014/12/15";"Peligro en aumento: Incertidumbre económica golpea bolsa peruana. Indice bajó significativamente. Las acciones experimentaron una notable caída hoy, marcando preocupación entre inversores.";"-1";"0.1954";"Unknown"
"";"";"";"";"correo";"2014/12/03";". .";"-1";"0.0922";"Unknown"
"Municipalidad de Lima anula licitación para construcción en Costa Verde";"";"";"Anuncio realizado por la Municipalidad de Lima indica que la licitación para obras en la costa verde ha sido revocada.";"correo";"2014/12/10";"Municipalidad de Lima anula licitación para construcción en Costa Verde. . Anuncio realizado por la Municipalidad de Lima indica que la licitación para obras en la costa verde ha sido revocada.";"0";"0.3576";"reunión, productos, investigación, lossio, economía"
"Grabación de la Serie";"";"";"Hacer una película para consumo nacional no está dentro de mis objetivos ni de la saga. La idea es hacer una película con proyecciones internacionales.";"correo";"2014/12/21";"Grabación de la Serie. . Hacer una película para consumo nacional no está dentro de mis objetivos ni de la saga. La idea es hacer una película con proyecciones internacionales.";"-1";"0.3166";"Unknown"
"Nacional — Madrid juega hoy fuera de casa ante la Juventus por la sexta fecha del Grupo A de la Liga de Champions";"NA";"NA";"El Atlético es el líder con 12 puntos, mientras que el equipo italiano está segundo con 9 unidades. En el otro partido de este grupo, Olympiacos se enfrentará a Malmö.";"correo";"2014/12/09";"Nacional — Madrid juega hoy fuera de casa ante la Juventus por la sexta fecha del Grupo A de la Liga de Champions. El Atlético es el líder con 12 puntos, mientras que el equipo italiano está segundo con 9 unidades. En el otro partido de este grupo, Olympiacos se enfrentará a Malmö.";"1";"0.7346";"equipo, es, lima, real, mejor"
"FIFA Elimina a Manuel Burga Como Presidente";"";"Mario Salgado Columnista";"";"correo";"2014/12/16";"FIFA Elimina a Manuel Burga Como Presidente. .";"-1";"0.2813";"Unknown"
"Dhl Global Forwarding Presentará Informe Financiero";"Junta General de Accionistas convoca reunión";"";"De conformidad con los artículo 115'' y 116'' de la ley N° 26887 Ley General de Sociedades, se llama a los señores accionistas de la sociedad DHL GLOBAL FORWARDING PERÚ SAC, electos para integrar la junta general ordinaria de accionistas que se realizará el viernes 27 de febrero del 2021.";"correo";"2014/12/21";"Dhl Global Forwarding Presentará Informe Financiero. Junta General de Accionistas convoca reunión. De conformidad con los artículo 115'' y 116'' de la ley N° 26887 Ley General de Sociedades, se llama a los señores accionistas de la sociedad DHL GLOBAL FORWARDING PERÚ SAC, electos para integrar la junta general ordinaria de accionistas que se realizará el viernes 27 de febrero del 2021.";"-1";"0.3054";"Unknown"
"Araujo renueva con Alianza Lima";"Alianza Lima";"Correo";"El defensor Miguel Araújo llegó ayer a un acuerdo con la administración de Alianza Lima y portará la blanquiazul hasta junio del 2016. Hace algunas semanas, Araujo había manifestado su deseo de seguir en el equipo íntimo y poder coronarse su revancha, lo cual podría cumplir.";"correo";"2014/12/10";"Araujo renueva con Alianza Lima. Alianza Lima. El defensor Miguel Araújo llegó ayer a un acuerdo con la administración de Alianza Lima y portará la blanquiazul hasta junio del 2016. Hace algunas semanas, Araujo había manifestado su deseo de seguir en el equipo íntimo y poder coronarse su revancha, lo cual podría cumplir.";"1";"0.6559";"equipo, es, lima, real, mejor"
"B7-50 LA MEJOR HERRAMIENTA PARA TU NEGOCIO está a precio especial (USD) 27,990. Tipo de cambio actualizado a Soles 2.85.";"";"";"";"correo";"2014/12/16";"B7-50 LA MEJOR HERRAMIENTA PARA TU NEGOCIO está a precio especial (USD) 27,990. Tipo de cambio actualizado a Soles 2.85.. .";"-1";"0.4425";"Unknown"
"Amplían contrato a servidores de Lima según decisión controvertida.";"";"Patricia Juárez";"Se señala que no comprenden dicho comportamiento, pues se comprometieron a ejecutar acciones específicas en beneficio de la Ciudad de Lima.";"correo";"2014/12/25";"Amplían contrato a servidores de Lima según decisión controvertida.. . Se señala que no comprenden dicho comportamiento, pues se comprometieron a ejecutar acciones específicas en beneficio de la Ciudad de Lima.";"-1";"0.1878";"Unknown"
"Deterioro material en departamentos debido a árbol caído";"";"";"Serios daños materiales al departamento de un edificio en dicha calle, donde se trajo abajo dos paneles de vidrio y parte del cerco eléctrico.";"correo";"2014/12/28";"Deterioro material en departamentos debido a árbol caído. . Serios daños materiales al departamento de un edificio en dicha calle, donde se trajo abajo dos paneles de vidrio y parte del cerco eléctrico.";"-1";"0.2629";"Unknown"
"Fusiones corporativas anunciadas según Ley General de Sociedades";"Según artículo 355...";"";"Se comunica conforme al Artículo 355 de la Ley General de Sociedades, que por junta extraordinarias de accionistas del 31 de julio de 2014, Link Real Trust SA y Master Building SL decidieron fusionarse. La absorción será completa hacia MAESTRAL HEALTH SAC, programándose extinguidas todas las sociedades absorbidas a partir del 15 de diciembre de 2024.";"correo";"2014/12/28";"Fusiones corporativas anunciadas según Ley General de Sociedades. Según artículo 355.... Se comunica conforme al Artículo 355 de la Ley General de Sociedades, que por junta extraordinarias de accionistas del 31 de julio de 2014, Link Real Trust SA y Master Building SL decidieron fusionarse. La absorción será completa hacia MAESTRAL HEALTH SAC, programándose extinguidas todas las sociedades absorbidas a partir del 15 de diciembre de 2024.";"-1";"0.3093";"Unknown"
"Autorización de emergencia contemplada para nueva administración";"Medida permitirá actuación más flexible.";"";"Asesor de la Municipalidad de Lima sugiere que futuros líderes puedan declarar situación de emergencia para intervenir rápidamente en crisis urbanísticas, flexibilizando así restricciones financieras usuales.";"correo";"2014/12/28";"Autorización de emergencia contemplada para nueva administración. Medida permitirá actuación más flexible.. Asesor de la Municipalidad de Lima sugiere que futuros líderes puedan declarar situación de emergencia para intervenir rápidamente en crisis urbanísticas, flexibilizando así restricciones financieras usuales.";"-1";"0.267";"Unknown"
"Domingo 28 de Diciembre de 2014 CHOQUE.";"'Once de Pi zarro enfrenta al de Guerre ro en Ma tuté. ";"Rolandindo está en México, pero sigue sin entrenar ";"Sería despedido en los próxi mos días\nIndisciplina. A pesar de que el delantero brasileño Ron aldihhoo llegó a Méxic o el último viernes, hasta el moment o no se ha inte grado a los tra bajos de pre temporda del club Q ue ratár.o \nEl cuadro azteca empec ó los entra namientos el 7 de dic ie mbre,fecha en la q ue el dela tero era esper ado en la sed e delclub.Pese a los cons tantes llama dos a Brazi l.el jugador no resp ondió el cel ular y tam bién no dio expl icacio nes so bre su ab sen cia a través de las redessocial.s.Etambién trans cidióqueRonaldinhoya se encuent ras en el estad o deQ ue rat á,r.no ha partic ipado de lostraba jos que el equipo real izó ayer en elestadiodetemporada 2013.Ellan tero urugua yoha expresa do que dese a volver a jugarpor la ’’U”en la siguienteten sisión,ahora la direcciónermine a dos jug adoreste que anteriorment evistiero lacamisa crem:aDiegoGuastavi no yAndyPol o.La búsqueda deGustavinose iniciócuandoSporting Cr istal comenzóa negociarpara fichar aldelant ero uruguayo.DiegoGuastavino,lau ntéro deSp ortin gCristal,enlas últimassemanashablóconJoséDelSolar,yexplicóqueesperaconvenceralpresiden teUniver sitaria Jo rg Ve ld aly JoséDe lSol ard ecide rsiempregi raralUr guay,aunque aún nohay nada definitivo.EncasodeAndypollo,tambi énpuede retornaral‘U’,pero elatracertanto tiempo fuera del país,hace difícilsu reincorporación.Según información obtenida por Depor, el volante podría llegar a fines de enero o principios de febrero, dependiendo de cómo avance la situación económica del conjunto íntimo respecto a la transferencia del futbolista colombiano Andrés Escobar, quien también es pretendido por el Atlético Mineiro de Brasil.";"correo";"2014/12/28";"Domingo 28 de Diciembre de 2014 CHOQUE.. 'Once de Pi zarro enfrenta al de Guerre ro en Ma tuté. . Sería despedido en los próxi mos días\nIndisciplina. A pesar de que el delantero brasileño Ron aldihhoo llegó a Méxic o el último viernes, hasta el moment o no se ha inte grado a los tra bajos de pre temporda del club Q ue ratár.o \nEl cuadro azteca empec ó los entra namientos el 7 de dic ie mbre,fecha en la q ue el dela tero era esper ado en la sed e delclub.Pese a los cons tantes llama dos a Brazi l.el jugador no resp ondió el cel ular y tam bién no dio expl icacio nes so bre su ab sen cia a través de las redessocial.s.Etambién trans cidióqueRonaldinhoya se encuent ras en el estad o deQ ue rat á,r.no ha partic ipado de lostraba jos que el equipo real izó ayer en elestadiodetemporada 2013.Ellan tero urugua yoha expresa do que dese a volver a jugarpor la ’’U”en la siguienteten sisión,ahora la direcciónermine a dos jug adoreste que anteriorment evistiero lacamisa crem:aDiegoGuastavi no yAndyPol o.La búsqueda deGustavinose iniciócuandoSporting Cr istal comenzóa negociarpara fichar aldelant ero uruguayo.DiegoGuastavino,lau ntéro deSp ortin gCristal,enlas últimassemanashablóconJoséDelSolar,yexplicóqueesperaconvenceralpresiden teUniver sitaria Jo rg Ve ld aly JoséDe lSol ard ecide rsiempregi raralUr guay,aunque aún nohay nada definitivo.EncasodeAndypollo,tambi énpuede retornaral‘U’,pero elatracertanto tiempo fuera del país,hace difícilsu reincorporación.Según información obtenida por Depor, el volante podría llegar a fines de enero o principios de febrero, dependiendo de cómo avance la situación económica del conjunto íntimo respecto a la transferencia del futbolista colombiano Andrés Escobar, quien también es pretendido por el Atlético Mineiro de Brasil.";"1";"1.0";"equipo, es, lima, real, mejor"
"Hay ofertas concretas para ambos";"Adrián Valderrama será director técnico de Universidad San Martín";"NA";"Refuerzo. Ayer fue presentado como nuevo jugador Edil ‘Cholito’ Sotil llega a Municipal\nDice que luchará por igualar la gloria que alcanzó su padre, el ‘Cholo’ Sotil\nAnte negativa de Forlán de ir a la ‘U’. Guastavino y Polo en la mira\nJosé del Solar espera concretar ambas contrataciones\nPedidos. Ante negati va de Forlán de ir a la ‘U’. Guastavino y Polo en la mira\nJosé del Solar espera concretar ambas contrataciones\nMontes va a delantera de César Vallejo Refuer zo. La directiva de CésarVallejocontrató al delantero Mauricio Montes, que en laprimera temporadadel 2014 jugó porAlianza Lima.Inlacampaña de 2014,Montesjugó32partidos en el cuadrointimo,porguallegóaconotarfincogoles.Elatacatorde32añoseselnuevo refuerzo edil.Montessería el reemplazodelPanameñoLuiseTejadaporquesaliópremiaturamentedeUniversidadSanMartín.Después de la grandecampaña queenunciódespuéssufundición,EdgarBenitezdecidióretirarsecomojugadorprofesiona lyconvertirse endirector técnicoparlarepresentaralconjuntosanmartiniano.Adrian Valderrama sera el DT de USMPor otra parte, el delanteroJuan DiegodGonzálezVigil,fue anunciado como nueva incorporación del equipo edil.Gonzálezvigil,quenocontabiliza minutos en el campo de juego desde octubre del 2014,cuando sufrió una fractura en el tobillo derecho,tiene27 años yprocedee deAlianza Lima.Refuerzos. Además del Cholito,Soti,Mon tes,Gonzalez Vigil yContreras fueron presentados como nuevas figuras del equipo municipal.Dirigiendo al equipo estará el experimentado estratega español Miguel Company,querecientementefirmóuncontratocon'Municipal'hasta finalizada la temporada 2015.Declaraciones. Con relación a su llegada al equipo capitalino,Johan Sotil dijo:'Este es un paso importante en mi carrera profesional.Me emociona formar parte de un proyecto tan bonito como el de'Deportivo Municipal',donde he podido compartir muchas veces con mi padre.'Con respecto a su rendimiento dentro del campo de juego,'Cholito'Sotildespachó:'No tengo palabras para describir lo que significa representar a'un equipo históricocomouno de losgrandesdel Perú.Tengo confianza en mímismo y estoy seguro deque voy a cumplir con las expectativas de todos.'";"correo";"2014/12/28";"Hay ofertas concretas para ambos. Adrián Valderrama será director técnico de Universidad San Martín. Refuerzo. Ayer fue presentado como nuevo jugador Edil ‘Cholito’ Sotil llega a Municipal\nDice que luchará por igualar la gloria que alcanzó su padre, el ‘Cholo’ Sotil\nAnte negativa de Forlán de ir a la ‘U’. Guastavino y Polo en la mira\nJosé del Solar espera concretar ambas contrataciones\nPedidos. Ante negati va de Forlán de ir a la ‘U’. Guastavino y Polo en la mira\nJosé del Solar espera concretar ambas contrataciones\nMontes va a delantera de César Vallejo Refuer zo. La directiva de CésarVallejocontrató al delantero Mauricio Montes, que en laprimera temporadadel 2014 jugó porAlianza Lima.Inlacampaña de 2014,Montesjugó32partidos en el cuadrointimo,porguallegóaconotarfincogoles.Elatacatorde32añoseselnuevo refuerzo edil.Montessería el reemplazodelPanameñoLuiseTejadaporquesaliópremiaturamentedeUniversidadSanMartín.Después de la grandecampaña queenunciódespuéssufundición,EdgarBenitezdecidióretirarsecomojugadorprofesiona lyconvertirse endirector técnicoparlarepresentaralconjuntosanmartiniano.Adrian Valderrama sera el DT de USMPor otra parte, el delanteroJuan DiegodGonzálezVigil,fue anunciado como nueva incorporación del equipo edil.Gonzálezvigil,quenocontabiliza minutos en el campo de juego desde octubre del 2014,cuando sufrió una fractura en el tobillo derecho,tiene27 años yprocedee deAlianza Lima.Refuerzos. Además del Cholito,Soti,Mon tes,Gonzalez Vigil yContreras fueron presentados como nuevas figuras del equipo municipal.Dirigiendo al equipo estará el experimentado estratega español Miguel Company,querecientementefirmóuncontratocon'Municipal'hasta finalizada la temporada 2015.Declaraciones. Con relación a su llegada al equipo capitalino,Johan Sotil dijo:'Este es un paso importante en mi carrera profesional.Me emociona formar parte de un proyecto tan bonito como el de'Deportivo Municipal',donde he podido compartir muchas veces con mi padre.'Con respecto a su rendimiento dentro del campo de juego,'Cholito'Sotildespachó:'No tengo palabras para describir lo que significa representar a'un equipo históricocomouno de losgrandesdel Perú.Tengo confianza en mímismo y estoy seguro deque voy a cumplir con las expectativas de todos.'";"1";"1.0";"equipo, es, lima, real, mejor"
"Para la abundancia";"NA";"NA";"1.- Para la buena provisión, Luna Ayllón sugiere colocar algo nuevo en la cama, ya sean las sábanas, fundas o la pijama.\n2.- A quienes anhelan tener dinero, la psíqui ca Mirtha Vergara recomienda pedir 12 monedas a cualquier OS persona sin importar la denomiación. ‘Ala 12 suba una escalera lanzando una moneda por peldaño repitiendo: '1 millón, 2 millones... hasta cul minar con los doce millones'.\n3.- Una forma más simple de atraer el dinero es recibir el año nuevo con varios billetes en la mano.";"correo";"2014/12/28";"Para la abundancia. 1.- Para la buena provisión, Luna Ayllón sugiere colocar algo nuevo en la cama, ya sean las sábanas, fundas o la pijama.\n2.- A quienes anhelan tener dinero, la psíqui ca Mirtha Vergara recomienda pedir 12 monedas a cualquier OS persona sin importar la denomiación. ‘Ala 12 suba una escalera lanzando una moneda por peldaño repitiendo: '1 millón, 2 millones... hasta cul minar con los doce millones'.\n3.- Una forma más simple de atraer el dinero es recibir el año nuevo con varios billetes en la mano.";"-1";"0.2902";"Unknown"
"Educación pública ajustará designaciones curriculares";"MinEducación elimina término controversiales.";"";"Nuevo decreto ministerial prohíbe referirse a centros educativos públicos y privados como ‘pre-universitarios’, buscando uniformidad y claridad en comunicaciones escolares.";"correo";"2014/12/28";"Educación pública ajustará designaciones curriculares. MinEducación elimina término controversiales.. Nuevo decreto ministerial prohíbe referirse a centros educativos públicos y privados como ‘pre-universitarios’, buscando uniformidad y claridad en comunicaciones escolares.";"-1";"0.1632";"Unknown"
"Ataque violento deja saldo mortal en STPS";"Chofer y cobrador víctima fatal.";"";"Trágicamente, José Romero Rodríguez y Marisol Aponte Pérez perdieron la vida en medio de un robo perpetrado en el trayecto habitual de la empresa EMOS. Arrestan a sospechosos relacionados sentimentalmente con las víctimas.";"correo";"2014/12/28";"Ataque violento deja saldo mortal en STPS. Chofer y cobrador víctima fatal.. Trágicamente, José Romero Rodríguez y Marisol Aponte Pérez perdieron la vida en medio de un robo perpetrado en el trayecto habitual de la empresa EMOS. Arrestan a sospechosos relacionados sentimentalmente con las víctimas.";"-1";"0.1848";"Unknown"
